"mat_code","mat_name","genres","mat_type","anio_prod"
"369","TOP GUN","ACCIÓN - ROMANCE","LARGOMETRAJE","1986"
"1104","RAIDERS OF THE LOST ARK","AVENTURAS","LARGOMETRAJE","1981"
"2845","INDIANA JONES AND THE TEMPLE OF DOOM","AVENTURAS","LARGOMETRAJE","1984"
"5323","GHOSTBUSTERS II","COMEDIA","LARGOMETRAJE","1989"
"5359","LOOK WHO'S TALKING","COMEDIA - FAMILIAR","LARGOMETRAJE","1989"
"6130","RISKY BUSINESS","COMEDIA","LARGOMETRAJE","1983"
"8621","POLICE ACADEMY 2: THEIR FIRST ASSIGNMENT","COMEDIA","LARGOMETRAJE","1985"
"136200","POINT OF NO RETURN","ACCIÓN - SUSPENSO","LARGOMETRAJE","1994"
"136300","NATIONAL LAMPOON'S CHRISTMAS VACATION","COMEDIA","LARGOMETRAJE","1989"
"140100","DUKES OF HAZZARD","ACCIÓN - COMEDIA","LARGOMETRAJE","2005"
"147700","ONE DAY","DRAMA - ROMANCE","LARGOMETRAJE","2011"
"148300","MONEYBALL (2011)","BIOGRAFÍA - DRAMA","LARGOMETRAJE","2011"
"148700","CURIOUS GEORGE-SWINGS INTO SPRING","ANIMACIÓN - FAMILIAR","LARGOMETRAJE","2013"
"149500","PERFECT GETAWAY, A","AVENTURAS - SUSPENSO","LARGOMETRAJE","2009"
"39223","MARY POPPINS","COMEDIA","LARGOMETRAJE","1964"
"41454","DUMB & DUMBER","AVENTURAS - COMEDIA","LARGOMETRAJE","1994"
"120341","PAPA ES UN IDOLO","COMEDIA","LARGOMETRAJE","2000"
"120343","ARGENTINO EN NUEVA YORK, UN","COMEDIA","LARGOMETRAJE","1998"
"120619","JERRY MAGUIRE","COMEDIA - ROMANCE","LARGOMETRAJE","1996"
"120638","STEPMOM","DRAMA","LARGOMETRAJE","1998"
"120663","AS GOOD AS IT GETS","COMEDIA - ROMANCE","LARGOMETRAJE","1997"
"121010","HOW TO LOSE A GUY IN 10 DAYS","COMEDIA - ROMANCE","LARGOMETRAJE","2003"
"121013","MISSION IMPOSSIBLE II","ACCIÓN","LARGOMETRAJE","2000"
"122195","ALMOST FAMOUS","AVENTURAS","LARGOMETRAJE","2000"
"122197","6TH DAY, THE","ACCIÓN","LARGOMETRAJE","2000"
"122242","MATILDA","COMEDIA - FAMILIAR - INFANTIL","LARGOMETRAJE","1996"
"122371","BACHELOR, THE","COMEDIA - ROMANCE","LARGOMETRAJE","1999"
"122383","LITTLE NICKY","COMEDIA","LARGOMETRAJE","2000"
"122393","SWEET NOVEMBER","DRAMA - ROMANCE","LARGOMETRAJE","2001"
"122397","BATMAN","ACCIÓN","LARGOMETRAJE","1989"
"122399","BEETLEJUICE","COMEDIA - FANTASÍA","LARGOMETRAJE","1988"
"122423","MARS ATTACKS!","ACCIÓN - COMEDIA","LARGOMETRAJE","1996"
"125132","EVOLUTION","CIENCIA FICCIÓN - COMEDIA","LARGOMETRAJE","2001"
"125159","ADAPTATION","COMEDIA - DRAMA","LARGOMETRAJE","2002"
"125165","MAID IN MANHATTAN","ROMANCE","LARGOMETRAJE","2002"
"125180","BIG FISH","DRAMA","LARGOMETRAJE","2003"
"125793","THE FAMILY","COMEDIA - SUSPENSO","LARGOMETRAJE","2013"
"127337","GIGLI","COMEDIA - ROMANCE - SUSPENSO","LARGOMETRAJE","2003"
"127621","BOWFINGER","COMEDIA","LARGOMETRAJE","1999"
"127665","UNDERCOVER BROTHER","ACCIÓN - COMEDIA","LARGOMETRAJE","2002"
"129713","SEALAB 2021","ANIMACIÓN - COMEDIA","SERIES","2000"
"130349","12 OZ.MOUSE","ANIMACIÓN","SERIES","2005 - 2006"
"130353","SPACE GHOST COAST TO COAST","ANIMACIÓN","SERIES","1994 - 1995 - 1996 - 1997 - 1998 - 1999 - 2001"
"130522","SOMETHING NEW","COMEDIA - DRAMA - ROMANCE","LARGOMETRAJE","2006"
"130527","AMERICAN DREAMZ","COMEDIA - MÚSICA","LARGOMETRAJE","2006"
"130535","INTOLERABLE CRUELTY","COMEDIA - POLICIAL - ROMANCE","LARGOMETRAJE","2003"
"130558","AMERICAN PIE PRESENTS: THE NAKED MILE","COMEDIA","LARGOMETRAJE","2006"
"130567","CASPER","COMEDIA - FAMILIAR","LARGOMETRAJE","1995"
"130641","AFTER THE SUNSET","ACCIÓN - COMEDIA - POLICIAL","LARGOMETRAJE","2004"
"130659","HIGHWAYMEN","ACCIÓN","LARGOMETRAJE","2003"
"130665","NEW YORK MINUTE","COMEDIA","LARGOMETRAJE","2004"
"130667","OCEAN'S TWELVE","COMEDIA - POLICIAL - SUSPENSO - TERROR","LARGOMETRAJE","2004"
"130668","POLAR EXPRESS","ANIMACIÓN - AVENTURAS - FAMILIAR - FANTASÍA","LARGOMETRAJE","2004"
"130710","ALFIE (2004)","COMEDIA","LARGOMETRAJE","2004"
"130722","COLLATERAL","DRAMA - POLICIAL - SUSPENSO","LARGOMETRAJE","2004"
"130798","BIKER BOYZ","ACCIÓN - DRAMA - POLICIAL","LARGOMETRAJE","2003"
"130801","HEAD OF STATE","COMEDIA","LARGOMETRAJE","2003"
"131880","TALLADEGA NIGHTS: THE BALLAD OF RICKY BOBBY","ACCIÓN - COMEDIA","LARGOMETRAJE","2006"
"132440","BLUES BROTHERS, THE","COMEDIA - MUSICAL","LARGOMETRAJE","1980"
"134808","GREMLINS","COMEDIA - TERROR","LARGOMETRAJE","1982"
"134998","LETHAL WEAPON 2","ACCIÓN - POLICIAL","LARGOMETRAJE","1989"
"135363","BATMAN FOREVER","ACCIÓN - AVENTURAS","LARGOMETRAJE","1995"
"135412","FREE WILLY 2: THE ADVENTURE HOME","DRAMA","LARGOMETRAJE","1995"
"135470","BATMAN RETURNS","ACCIÓN - FANTASÍA","LARGOMETRAJE","1992"
"135496","LETHAL WEAPON","ACCIÓN - POLICIAL","LARGOMETRAJE","1987"
"135579","LOOK WHO'S TALKING TOO","COMEDIA - FAMILIAR","LARGOMETRAJE","1990"
"135909","SUPERMAN: THE MOVIE","AVENTURAS - FANTASÍA","LARGOMETRAJE","1977"
"135918","FOOLS RUSH IN","COMEDIA - DRAMA - ROMANCE","LARGOMETRAJE","1997"
"135933","MEN IN BLACK","CIENCIA FICCIÓN - COMEDIA","LARGOMETRAJE","1997"
"135954","KNOCK OFF","ACCIÓN","LARGOMETRAJE","1998"
"136008","POLICE ACADEMY 4: CITIZENS ON PATROL","COMEDIA","LARGOMETRAJE","1987"
"136014","MASK OF ZORRO, THE","AVENTURAS - ROMANCE","LARGOMETRAJE","1998"
"136015","MUPPETS FROM SPACE","COMEDIA - FAMILIAR","LARGOMETRAJE","1999"
"136037","BRAK SHOW, THE","ANIMACIÓN - COMEDIA","EPISODE (ANIMATED)","2001 - 2002 - 2003"
"136093","BAD BOYS","ACCIÓN - COMEDIA","LARGOMETRAJE","1995"
"136104","SENSE AND SENSIBILITY","COMEDIA - DRAMA - ROMANCE","LARGOMETRAJE","1995"
"136113","SLEEPLESS IN SEATTLE","COMEDIA - ROMANCE","LARGOMETRAJE","1993"
"136125","FLYPAPER","COMEDIA - POLICIAL - SUSPENSO","LARGOMETRAJE","2011"
"136137","GROUNDHOG DAY","COMEDIA - FANTASÍA","LARGOMETRAJE","1993"
"136146","SAMURAI JACK: THE LEGEND BEGINS","ACCIÓN - ANIMACIÓN","LARGOMETRAJE","2001"
"136186","TANGO & CASH","ACCIÓN","LARGOMETRAJE","1989"
"136270","KARATE KID","ACCIÓN - FAMILIAR","LARGOMETRAJE","1984"
"136306","LETHAL WEAPON 4","SUSPENSO","LARGOMETRAJE","1998"
"136334","MATRIX, THE","ACCIÓN - CIENCIA FICCIÓN","LARGOMETRAJE","1999"
"136337","WEDDING SINGER, THE","COMEDIA - MÚSICA - ROMANCE","LARGOMETRAJE","1998"
"136338","AUSTIN POWERS:THE SPY WHO SHAGGED ME","ACCIÓN - COMEDIA","LARGOMETRAJE","1999"
"136388","ANALYZE THIS","COMEDIA - POLICIAL","LARGOMETRAJE","1999"
"136390","WILD WILD WEST","ACCIÓN - AVENTURAS - COMEDIA - WESTERN","LARGOMETRAJE","1999"
"136508","INSPECTOR GADGET","ACCIÓN - AVENTURAS - COMEDIA","LARGOMETRAJE","1999"
"136609","CABLE GUY, THE","COMEDIA - TERROR","LARGOMETRAJE","1996"
"136612","DRACULA: DEAD & LOVING IT","COMEDIA - TERROR","LARGOMETRAJE","1995"
"136616","GATTACA","CIENCIA FICCIÓN - DRAMA","LARGOMETRAJE","1997"
"136622","GHOSTBUSTERS I","CIENCIA FICCIÓN - COMEDIA - FANTASÍA","LARGOMETRAJE","1984"
"136630","MULTIPLICITY","COMEDIA","LARGOMETRAJE","1996"
"136680","MICKEY BLUE EYES","COMEDIA - POLICIAL","LARGOMETRAJE","1999"
"136744","JACK FROST","COMEDIA - DRAMA","LARGOMETRAJE","1998"
"136753","MY BEST FRIEND'S WEDDING","COMEDIA - ROMANCE","LARGOMETRAJE","1997"
"136791","THREE KINGS","ACCIÓN - AVENTURAS - BÉLICA","LARGOMETRAJE","1999"
"136812","KINDERGARTEN COP","ACCIÓN - COMEDIA","LARGOMETRAJE","1990"
"136932","BIG DADDY","COMEDIA","LARGOMETRAJE","1999"
"137008","MY DOG SKIP","DRAMA - FAMILIAR","LARGOMETRAJE","2000"
"137017","WHILE YOU WERE SLEEPING","COMEDIA - ROMANCE","LARGOMETRAJE","1995"
"137019","BEST IN SHOW","COMEDIA","LARGOMETRAJE","2000"
"137062","COYOTE UGLY","COMEDIA - DRAMA - ROMANCE","LARGOMETRAJE","2000"
"137064","STUART LITTLE","AVENTURAS - COMEDIA - FAMILIAR","LARGOMETRAJE","1999"
"137065","BLUE STREAK","ACCIÓN - COMEDIA","LARGOMETRAJE","1999"
"137075","REALITY BITES","COMEDIA - DRAMA","LARGOMETRAJE","1994"
"137086","RUSH HOUR","ACCIÓN - COMEDIA - TERROR","LARGOMETRAJE","1998"
"137103","BLAST FROM THE PAST","COMEDIA - DRAMA - ROMANCE","LARGOMETRAJE","1999"
"137158","HANGING UP","COMEDIA - DRAMA","LARGOMETRAJE","2000"
"137189","UNBREAKABLE","SUSPENSO","LARGOMETRAJE","2000"
"137215","DISNEY'S THE KID","COMEDIA - DRAMA","LARGOMETRAJE","2000"
"137216","HIGH FIDELITY","COMEDIA - DRAMA - ROMANCE","LARGOMETRAJE","2000"
"137236","DOUBLE TAKE","ACCIÓN - COMEDIA","LARGOMETRAJE","2001"
"137245","REMEMBER THE TITANS","DEPORTE - DRAMA","LARGOMETRAJE","2000"
"137248","SWEETEST THING, THE","COMEDIA - ROMANCE","LARGOMETRAJE","2002"
"137254","28 DAYS","DRAMA","LARGOMETRAJE","2000"
"137262","PEARL HARBOR","ACCIÓN - DRAMA - ROMANCE","LARGOMETRAJE","2001"
"137266","MR.DEEDS","COMEDIA - ROMANCE","LARGOMETRAJE","2002"
"137275","MISS CONGENIALITY","ACCIÓN - COMEDIA","LARGOMETRAJE","2000"
"137318","CATS & DOGS","COMEDIA - FAMILIAR","LARGOMETRAJE","2001"
"137322","RUSH HOUR 2","ACCIÓN - COMEDIA - POLICIAL - TERROR","LARGOMETRAJE","2001"
"137324","NOT ANOTHER TEEN MOVIE","COMEDIA","LARGOMETRAJE","2001"
"137374","LAST ACTION HERO","ACCIÓN - AVENTURAS - COMEDIA - FANTASÍA","LARGOMETRAJE","1993"
"137408","ROCK STAR","COMEDIA - DRAMA","LARGOMETRAJE","2001"
"137426","JACK","COMEDIA - DRAMA","LARGOMETRAJE","1996"
"137430","BAD COMPANY","ACCIÓN - AVENTURAS - COMEDIA","LARGOMETRAJE","2002"
"137451","BUBBLE BOY","AVENTURAS - COMEDIA - DRAMA","LARGOMETRAJE","2001"
"137465","CHARLIE'S ANGELS (2000)","ACCIÓN - AVENTURAS - COMEDIA","LARGOMETRAJE","2000"
"137478","BIG FAT LIAR","COMEDIA","LARGOMETRAJE","2002"
"137486","SPIDER-MAN","ACCIÓN - CIENCIA FICCIÓN - FANTASÍA - TERROR","LARGOMETRAJE","2002"
"137490","ABOUT A BOY","COMEDIA - DRAMA - ROMANCE","LARGOMETRAJE","2002"
"137496","FLINTSTONES IN VIVA ROCK VEGAS, THE","COMEDIA - FAMILIAR","LARGOMETRAJE","2000"
"137527","DEATH BECOMES HER","COMEDIA - FANTASÍA","LARGOMETRAJE","1992"
"137577","LORD OF THE RINGS: THE FELLOWSHIP OF THE RING, THE","ACCIÓN - AVENTURAS - DRAMA - FANTASÍA","LARGOMETRAJE","2001"
"137579","OSMOSIS JONES","ANIMACIÓN - COMEDIA","LARGOMETRAJE","2001"
"137591","DR. SEUSS' HOW THE GRINCH STOLE CHRISTMAS","FAMILIAR - FANTASÍA","LARGOMETRAJE","2000"
"137659","LITTLE WOMEN (1994)","DRAMA - FAMILIAR - ROMANCE","LARGOMETRAJE","1994"
"137665","MASTER OF DISGUISE, THE","COMEDIA - FAMILIAR","LARGOMETRAJE","2002"
"137671","PUNCH DRUNK LOVE","ROMANCE","LARGOMETRAJE","2002"
"137674","DANCE WITH ME","DRAMA - MUSICAL - MÚSICA","LARGOMETRAJE","1998"
"137786","40 DAYS AND 40 NIGHTS","COMEDIA - ROMANCE","LARGOMETRAJE","2002"
"137825","SNATCH","COMEDIA - POLICIAL","LARGOMETRAJE","2000"
"137861","MEN IN BLACK II","ACCIÓN - CIENCIA FICCIÓN - COMEDIA","LARGOMETRAJE","2002"
"137873","HARRY POTTER AND THE SORCERER'S STONE","AVENTURAS - FAMILIAR - FANTASÍA","LARGOMETRAJE","2001"
"137888","ROYAL TENENBAUMS, THE","COMEDIA - DRAMA","LARGOMETRAJE","2001"
"137891","OCEAN'S ELEVEN","ACCIÓN - SUSPENSO","LARGOMETRAJE","2001"
"137989","STUART LITTLE 2","AVENTURAS - COMEDIA - FAMILIAR - FANTASÍA","LARGOMETRAJE","2002"
"138012","PRINCESS DIARIES, THE","COMEDIA - FAMILIAR","LARGOMETRAJE","2001"
"138027","EIGHT LEGGED FREAKS","ACCIÓN - CIENCIA FICCIÓN - COMEDIA - TERROR","LARGOMETRAJE","2002"
"138063","AUSTIN POWERS IN GOLDMEMBER","ACCIÓN - AVENTURAS - COMEDIA - MÚSICA","LARGOMETRAJE","2002"
"138068","DEATH TO SMOOCHY","COMEDIA - DRAMA - MUSICAL - POLICIAL","LARGOMETRAJE","2002"
"138139","HULK, THE","ACCIÓN - CIENCIA FICCIÓN - DRAMA","LARGOMETRAJE","2003"
"138141","DADDY DAY CARE","COMEDIA - FAMILIAR","LARGOMETRAJE","2003"
"138157","ANGER MANAGEMENT","COMEDIA - DRAMA","LARGOMETRAJE","2003"
"138178","MONA LISA SMILE","COMEDIA - DRAMA - ROMANCE","LARGOMETRAJE","2003"
"138198","HARRY POTTER AND THE CHAMBER OF SECRETS","AVENTURAS - FAMILIAR - FANTASÍA - SUSPENSO","LARGOMETRAJE","2002"
"138254","WHAT ABOUT BOB?","COMEDIA","LARGOMETRAJE","1991"
"138269","SCOOBY-DOO","AVENTURAS - COMEDIA - FAMILIAR - FANTASÍA - SUSPENSO","LARGOMETRAJE","2002"
"138279","PERDIDOS EN TOKIO","COMEDIA - DRAMA - ROMANCE","LARGOMETRAJE","2003"
"138394","SQUIDBILLIES","ANIMACIÓN - COMEDIA","EPISODE (ANIMATED)","2004 - 2005"
"138486","ADVENTURES OF PLUTO NASH","ACCIÓN - CIENCIA FICCIÓN - COMEDIA","LARGOMETRAJE","2002"
"138490","DIVINE SECRETS OF THE YA-YA SISTERHOOD","COMEDIA - DRAMA - ROMANCE","LARGOMETRAJE","2002"
"138495","SIMONE","CIENCIA FICCIÓN - COMEDIA - DRAMA","LARGOMETRAJE","2002"
"138514","PETER PAN","AVENTURAS - FAMILIAR - FANTASÍA","LARGOMETRAJE","2003"
"138528","BRING IT ON AGAIN","COMEDIA","LARGOMETRAJE","2004"
"138578","I SPY","AVENTURAS - COMEDIA - POLICIAL","LARGOMETRAJE","2002"
"138583","JOE DIRT","COMEDIA","LARGOMETRAJE","2001"
"138606","JUST VISITING","AVENTURAS - COMEDIA","LARGOMETRAJE","2001"
"138631","RUNDOWN, THE","ACCIÓN - AVENTURAS - COMEDIA - TERROR","LARGOMETRAJE","2003"
"138639","SHAUN OF THE DEAD","COMEDIA - ROMANCE - TERROR","LARGOMETRAJE","2004"
"138649","ANALYZE THAT","COMEDIA - POLICIAL","LARGOMETRAJE","2002"
"138652","LORD OF THE RINGS: THE TWO TOWERS","ACCIÓN - AVENTURAS - FANTASÍA","LARGOMETRAJE","2002"
"138666","13 GOING ON 30","COMEDIA - DRAMA - FANTASÍA - ROMANCE","LARGOMETRAJE","2004"
"138670","ENVY","COMEDIA","LARGOMETRAJE","2004"
"138672","TO DIE FOR","COMEDIA - DRAMA - SUSPENSO","LARGOMETRAJE","1995"
"138682","THE MEDALLION","ACCIÓN - COMEDIA - FANTASÍA - TERROR","LARGOMETRAJE","2003"
"138685","MATRIX RELOADED, THE","ACCIÓN - CIENCIA FICCIÓN","LARGOMETRAJE","2003"
"138718","SAVING SILVERMAN","COMEDIA - POLICIAL - ROMANCE","LARGOMETRAJE","2001"
"138728","LOVE ACTUALLY","COMEDIA - DRAMA - ROMANCE","LARGOMETRAJE","2003"
"138729","KANGAROO JACK","AVENTURAS - COMEDIA - POLICIAL","LARGOMETRAJE","2003"
"138741","TWO WEEKS NOTICE","COMEDIA - ROMANCE","LARGOMETRAJE","2002"
"138748","WHITE CHICKS","COMEDIA - POLICIAL","LARGOMETRAJE","2004"
"138803","BABE","COMEDIA - FAMILIAR","LARGOMETRAJE","1995"
"138826","HITCH","COMEDIA - ROMANCE","LARGOMETRAJE","2005"
"138843","WIMBLEDON","COMEDIA - DEPORTE - DRAMA - ROMANCE","LARGOMETRAJE","2004"
"138851","LITTLE BLACK BOOK","COMEDIA - ROMANCE","LARGOMETRAJE","2004"
"138852","MATCHSTICK MEN","COMEDIA - DRAMA - POLICIAL - SUSPENSO","LARGOMETRAJE","2003"
"138897","BRIDGET JONES: THE EDGE OF REASON","COMEDIA - DRAMA - ROMANCE","LARGOMETRAJE","2004"
"138932","DUMB AND DUMBERER: WHEN HARRY MET LLOYD","COMEDIA","LARGOMETRAJE","2003"
"138970","MAN OF THE HOUSE","ACCIÓN - COMEDIA","LARGOMETRAJE","2005"
"139008","SPIDER-MAN 2","ACCIÓN - AVENTURAS - CIENCIA FICCIÓN - FANTASÍA","LARGOMETRAJE","2004"
"139009","AMERICAN PIE PRESENTS: BAND CAMP","COMEDIA","LARGOMETRAJE","2005"
"139040","ARE WE THERE YET?","COMEDIA - FAMILIAR","LARGOMETRAJE","2005"
"139042","INSPECTOR GADGET 2","ACCIÓN - COMEDIA - FAMILIAR","LARGOMETRAJE","2003"
"139115","MATRIX REVOLUTIONS, THE","ACCIÓN - CIENCIA FICCIÓN","LARGOMETRAJE","2003"
"139119","LORD OF THE RINGS: RETURN OF THE KING","ACCIÓN - AVENTURAS - FANTASÍA","LARGOMETRAJE","2003"
"139142","CHRISTMAS WITH THE KRANKS","COMEDIA - FAMILIAR","LARGOMETRAJE","2004"
"139143","SWEET HOME ALABAMA","COMEDIA - DRAMA - ROMANCE","LARGOMETRAJE","2002"
"139154","NOTEBOOK, THE","COMEDIA - DRAMA - ROMANCE","LARGOMETRAJE","2004"
"139157","TROY","ACCIÓN - DRAMA - ÉPICA","LARGOMETRAJE","2004"
"139163","URBAN LEGENDS: BLOODY MARY","TERROR","LARGOMETRAJE","2005"
"139204","SOMETHING'S GOTTA GIVE","COMEDIA - ROMANCE","LARGOMETRAJE","2003"
"139241","DEUCE BIGALOW: EUROPEAN GIGOLO","COMEDIA","LARGOMETRAJE","2005"
"139243","LORDS OF DOGTOWN","DEPORTE","LARGOMETRAJE","2005"
"139299","SCOOBY-DOO 2: MONSTERS UNLEASHED","ACCIÓN - AVENTURAS - COMEDIA - FAMILIAR","LARGOMETRAJE","2004"
"139308","TOM GOES TO THE MAYOR","ANIMACIÓN - COMEDIA","EPISODE (ANIMATED)","2004 - 2005"
"139365","SECONDHAND LIONS","AVENTURAS - COMEDIA","LARGOMETRAJE","2003"
"139366","BLADE: TRINITY","ACCIÓN - SUSPENSO","LARGOMETRAJE","2004"
"139392","CHARLIE'S ANGELS: FULL THROTTLE","ACCIÓN - AVENTURAS - COMEDIA - POLICIAL","LARGOMETRAJE","2003"
"139413","ASSAULT ON PRECINCT 13","POLICIAL","LARGOMETRAJE","2005"
"139457","PERFECT MAN, THE","COMEDIA - FAMILIAR - ROMANCE","LARGOMETRAJE","2005"
"139465","KICKING & SCREAMING","COMEDIA - DEPORTE - FAMILIAR","LARGOMETRAJE","2005"
"139497","WEATHER MAN, THE","COMEDIA - DRAMA","LARGOMETRAJE","2005"
"139520","HARRY POTTER AND THE PRISIONER OF AZKABAN","AVENTURAS - FANTASÍA","LARGOMETRAJE","2004"
"139524","ELIZABETHTOWN","COMEDIA - DRAMA - ROMANCE","LARGOMETRAJE","2005"
"139526","BEWITCHED","COMEDIA - FANTASÍA - ROMANCE","LARGOMETRAJE","2005"
"139545","SQUID AND THE WHALE, THE","COMEDIA - DRAMA","LARGOMETRAJE","2005"
"139546","UNDERWORLD: EVOLUTION","ACCIÓN - FANTASÍA - TERROR","LARGOMETRAJE","2006"
"139581","LEGEND OF ZORRO, THE","ACCIÓN - AVENTURAS - WESTERN","LARGOMETRAJE","2005"
"139602","BRING IT ON: ALL OR NOTHING","COMEDIA - DEPORTE","LARGOMETRAJE","2006"
"139603","CHASING LIBERTY","COMEDIA - ROMANCE","LARGOMETRAJE","2004"
"139612","FUN WITH DICK AND JANE","COMEDIA - POLICIAL","LARGOMETRAJE","2005"
"139640","TOTAL DRAMA ISLAND","ANIMACIÓN - AVENTURAS","EPISODE (ANIMATED)","2007"
"139745","KING KONG","AVENTURAS - DRAMA - SUSPENSO","LARGOMETRAJE","2005"
"139751","KING ARTHUR","ACCIÓN - AVENTURAS","LARGOMETRAJE","2004"
"139762","A LOT LIKE LOVE","COMEDIA - DRAMA - ROMANCE","LARGOMETRAJE","2005"
"139767","CINDERELLA MAN","DEPORTE - DRAMA","LARGOMETRAJE","2005"
"139943","ZATHURA","ACCIÓN - AVENTURAS - FAMILIAR - FANTASÍA","LARGOMETRAJE","2005"
"140102","EVERYTHING IS ILLUMINATED","DRAMA","LARGOMETRAJE","2005"
"140104","FINAL DESTINATION 3","SUSPENSO - TERROR","LARGOMETRAJE","2006"
"140108","HARRY POTTER AND THE GOBLET OF FIRE","AVENTURAS - FAMILIAR - FANTASÍA","LARGOMETRAJE","2005"
"140112","KISS KISS BANG BANG","COMEDIA - POLICIAL - SUSPENSO","LARGOMETRAJE","2005"
"140114","MONSTER-IN-LAW","COMEDIA - ROMANCE","LARGOMETRAJE","2005"
"140119","RUMOR HAS IT","COMEDIA - ROMANCE","LARGOMETRAJE","2005"
"140123","SUPERMAN RETURNS","ACCIÓN - AVENTURAS - FANTASÍA","LARGOMETRAJE","2006"
"140127","TIM BURTON'S CORPSE BRIDE","ANIMACIÓN - COMEDIA - FAMILIAR - FANTASÍA - MÚSICA - ROMANCE","LARGOMETRAJE","2005"
"140129","WEDDING CRASHERS","COMEDIA - ROMANCE","LARGOMETRAJE","2005"
"140169","ROBOT CHICKEN","ANIMACIÓN","ESPECIAL/PROGRAM","2007"
"140422","ACCEPTED","COMEDIA","LARGOMETRAJE","2006"
"140423","AMERICAN PIE PRESENTS: BETA HOUSE","COMEDIA","LARGOMETRAJE","2007"
"140426","DAVE CHAPPELLE'S BLOCK PARTY","DOCUMENTAL","LARGOMETRAJE","2006"
"140457","WAIST DEEP","ACCIÓN","LARGOMETRAJE","2006"
"140858","TOTAL DRAMA ACTION","ANIMACIÓN - COMEDIA","EPISODE (ANIMATED)","2009"
"141801","DERAILED","SUSPENSO","LARGOMETRAJE","2005"
"141805","GUARDIAN, THE","ACCIÓN - AVENTURAS - DRAMA","LARGOMETRAJE","2006"
"141810","BASIC INSTINCT 2: RISK ADDICTION","SUSPENSO","LARGOMETRAJE","2006"
"141831","OCEAN'S THIRTEEN","POLICIAL - SUSPENSO","LARGOMETRAJE","2007"
"141835","MUSIC & LYRICS","COMEDIA - MÚSICA - ROMANCE","LARGOMETRAJE","2007"
"141848","UNACCOMPANIED MINORS","AVENTURAS - COMEDIA - FAMILIAR","LARGOMETRAJE","2006"
"141850","HOW TO EAT FRIED WORMS","COMEDIA - FAMILIAR","LARGOMETRAJE","2006"
"141851","HOOT","COMEDIA","LARGOMETRAJE","2006"
"141871","RETURN TO HOUSE ON HAUNTED HILL","TERROR","LARGOMETRAJE","2007"
"141876","TIME MACHINE, THE","CIENCIA FICCIÓN","LARGOMETRAJE","2002"
"142275","DEFINITELY MAYBE","COMEDIA - DRAMA - ROMANCE","LARGOMETRAJE","2008"
"142282","LEATHERHEADS","COMEDIA - DEPORTE - DRAMA - ROMANCE","LARGOMETRAJE","2008"
"142286","NIM'S ISLAND","AVENTURAS - FANTASÍA","LARGOMETRAJE","2008"
"142302","KNOCKED UP","COMEDIA - ROMANCE","LARGOMETRAJE","2007"
"142678","GREATEST GAME EVER PLAYED, THE","DEPORTE - DRAMA","LARGOMETRAJE","2005"
"142680","CHRONICLES OF NARNIA: THE LION, THE WITCH & THE WARDROBER","AVENTURAS - FAMILIAR - FANTASÍA","LARGOMETRAJE","2005"
"142681","HERBIE:FULLY LOADED","AVENTURAS - COMEDIA - FAMILIAR","LARGOMETRAJE","2005"
"142683","SKY HIGH","AVENTURAS - COMEDIA - FAMILIAR","LARGOMETRAJE","2005"
"142705","PURSUIT OF HAPPYNESS","DRAMA","LARGOMETRAJE","2006"
"142716","MUPPET TREASURE ISLAND","AVENTURAS - COMEDIA","LARGOMETRAJE","1996"
"143203","EIGHT BELOW","AVENTURAS - FAMILIAR","LARGOMETRAJE","2006"
"143204","GLORY ROAD [DLAF]","DEPORTE - DRAMA","LARGOMETRAJE","2006"
"143413","BRING IT ON FIGHT TO THE FINISH","COMEDIA","LARGOMETRAJE","2009"
"143420","BURN AFTER READING","COMEDIA - DRAMA - POLICIAL","LARGOMETRAJE","2008"
"143422","CORALINE","ANIMACIÓN - AVENTURAS - FAMILIAR","LARGOMETRAJE","2009"
"143427","DUPLICITY","ROMANCE - SUSPENSO","LARGOMETRAJE","2009"
"143431","FLASH OF GENIUS","DRAMA","LARGOMETRAJE","2008"
"143433","FUNNY PEOPLE","COMEDIA - DRAMA","LARGOMETRAJE","2009"
"143434","HAMLET 2","COMEDIA - MÚSICA","LARGOMETRAJE","2008"
"143435","LAND OF THE LOST","ACCIÓN - AVENTURAS - COMEDIA","LARGOMETRAJE","2009"
"143437","MAMMA MIA!","COMEDIA - MUSICAL - ROMANCE","LARGOMETRAJE","2008"
"143438","MIDNIGHT MEAT TRAIN","TERROR","LARGOMETRAJE","2008"
"143441","PIRATE RADIO","COMEDIA - DRAMA - MÚSICA","LARGOMETRAJE","2009"
"143443","ROLE MODELS","COMEDIA - ROMANCE","LARGOMETRAJE","2008"
"143444","RUDO Y CURSI","COMEDIA - DEPORTE - DRAMA","LARGOMETRAJE","2008"
"143452","WILD CHILD","COMEDIA - DRAMA - ROMANCE","LARGOMETRAJE","2009"
"143511","HAROLD AND KUMAR ESCAPE FROM GUANTANAMO BAY","AVENTURAS - COMEDIA","LARGOMETRAJE","2008"
"143512","MR. WOODCOCK","COMEDIA - DEPORTE","LARGOMETRAJE","2007"
"143513","10,000 B.C.","AVENTURAS - FANTASÍA","LARGOMETRAJE","2008"
"143518","BUCKET LIST","AVENTURAS - COMEDIA - DRAMA","LARGOMETRAJE","2007"
"143524","FOOL'S GOLD","AVENTURAS - COMEDIA - ROMANCE","LARGOMETRAJE","2008"
"143525","FRED CLAUS","COMEDIA - FAMILIAR - FANTASÍA","LARGOMETRAJE","2007"
"143526","GET SMART","ACCIÓN - AVENTURAS - COMEDIA","LARGOMETRAJE","2008"
"143528","GOLDEN COMPASS, THE","AVENTURAS - FAMILIAR - FANTASÍA","LARGOMETRAJE","2007"
"143529","HAIRSPRAY","COMEDIA - MUSICAL - ROMANCE","LARGOMETRAJE","2007"
"143530","I AM LEGEND","CIENCIA FICCIÓN - DRAMA - SUSPENSO","LARGOMETRAJE","2007"
"143532","LAST MIMZY, THE","AVENTURAS - DRAMA - FAMILIAR","LARGOMETRAJE","2007"
"143533","LICENSE TO WED","COMEDIA - ROMANCE","LARGOMETRAJE","2007"
"143537","NANCY DREW","AVENTURAS - COMEDIA - POLICIAL","LARGOMETRAJE","2007"
"143542","RENDITION","BÉLICA - DRAMA - SUSPENSO","LARGOMETRAJE","2007"
"143547","SEMI-PRO","COMEDIA - DEPORTE","LARGOMETRAJE","2008"
"143550","SPEED RACER","ACCIÓN - DEPORTE - FAMILIAR","LARGOMETRAJE","2008"
"143553","TENACIOUS D - IN THE PICK OF DESTINY","COMEDIA","LARGOMETRAJE","2006"
"143611","HAPPILY N'EVER AFTER 2 (2009)","ANIMACIÓN - AVENTURAS","LARGOMETRAJE","2009"
"143613","DOG WHO SAVED CHRISTMAS, THE","COMEDIA","LARGOMETRAJE","2009"
"143668","DADDY DAY CAMP","COMEDIA - FAMILIAR","LARGOMETRAJE","2007"
"143669","FRIENDS WITH MONEY","COMEDIA - DRAMA - ROMANCE","LARGOMETRAJE","2006"
"143675","SPANGLISH","COMEDIA - DRAMA - ROMANCE","LARGOMETRAJE","2004"
"143676","STRANGER THAN FICTION","COMEDIA - DRAMA - FANTASÍA","LARGOMETRAJE","2006"
"143867","GATURRO","ANIMACIÓN - FAMILIAR","LARGOMETRAJE","2010"
"144312","A LITTLE BIT OF HEAVEN (AKA. EARTHBOUND)","DRAMA - ROMANCE","LARGOMETRAJE","2011"
"144330","SHANGHAI","POLICIAL","LARGOMETRAJE","2010"
"144447","CATCH AND RELEASE","COMEDIA - DRAMA - ROMANCE","LARGOMETRAJE","2006"
"144462","WALLACE & GROMIT: THE CURSE OF THE WERE-RABBIT [DWA]","ANIMACIÓN","LARGOMETRAJE","2005"
"144463","BAD BOYS II","ACCIÓN - COMEDIA - POLICIAL","LARGOMETRAJE","2003"
"144473","FALLING SKIES - Season 1","CIENCIA FICCIÓN","SERIES","2011"
"144489","RAINBOW TRIBE","COMEDIA - FAMILIAR","LARGOMETRAJE","2008"
"144490","NATIVITY","COMEDIA","LARGOMETRAJE","2009"
"144608","UNTRACEABLE","DRAMA - POLICIAL - SUSPENSO","LARGOMETRAJE","2008"
"144921","HARRY POTTER AND THE HALF-BLOOD PRINCE","AVENTURAS - FAMILIAR - FANTASÍA","LARGOMETRAJE","2009"
"144924","HE'S JUST NOT THAT INTO YOU","COMEDIA - DRAMA - ROMANCE","LARGOMETRAJE","2009"
"144926","MY SISTER'S KEEPER","DRAMA","LARGOMETRAJE","2009"
"144927","FOUR CHRISTMASES","COMEDIA - DRAMA - ROMANCE","LARGOMETRAJE","2008"
"144929","SEX AND THE CITY","COMEDIA - DRAMA - ROMANCE","LARGOMETRAJE","2008"
"144930","17 AGAIN","COMEDIA - DRAMA - FANTASÍA","LARGOMETRAJE","2009"
"144931","YES MAN","COMEDIA - ROMANCE","LARGOMETRAJE","2008"
"144934","APPALOOSA","ACCIÓN - DRAMA - POLICIAL","LARGOMETRAJE","2008"
"144936","INKHEART","AVENTURAS - FAMILIAR - FANTASÍA","LARGOMETRAJE","2008"
"144938","OBSERVE AND REPORT","COMEDIA - DRAMA - POLICIAL","LARGOMETRAJE","2009"
"144939","PRIDE AND GLORY","DRAMA - POLICIAL - SUSPENSO","LARGOMETRAJE","2008"
"144980","AMUSEMENT","SUSPENSO - TERROR","LARGOMETRAJE","2008"
"145037","CHRISTMAS MAIL","FAMILIAR","LARGOMETRAJE","2010"
"145061","DOG WHO SAVE CHRISTMAS' VACATION, THE","COMEDIA","LARGOMETRAJE","2010"
"145077","BARRY SUNSHINE AND THE DISCO WORMS","ANIMACIÓN - COMEDIA - FAMILIAR","LARGOMETRAJE","2008"
"145096","VELVETEEN RABBIT, THE","FAMILIAR","LARGOMETRAJE","2009"
"145110","ENCHANTED","COMEDIA - FAMILIAR - FANTASÍA","LARGOMETRAJE","2007"
"145119","PIRATES OF THE CARIBBEAN 3 AT WORLD S END DLAF","ACCIÓN - AVENTURAS - FANTASÍA","LARGOMETRAJE","2007"
"145165","PETER CAPUSOTTO - Season 1 a 6","COMEDIA","SERIES",
"145171","GREEN ZONE","ACCIÓN - DRAMA - SUSPENSO","LARGOMETRAJE","2010"
"145193","AMERICAN PIE PRESENTS: THE BOOK OF LOVE","COMEDIA","LARGOMETRAJE","2009"
"145241","SMOKIN ACES 2 ASSASSINS BALL","ACCIÓN","LARGOMETRAJE","2010"
"145502","CONAN THE BARBARIAN","ACCIÓN - AVENTURAS - FANTASÍA","LARGOMETRAJE","2011"
"145503","DONKEY XOTE","ANIMACIÓN - FAMILIAR","LARGOMETRAJE","2007"
"145504","DRAGON HUNTERS","ANIMACIÓN - AVENTURAS","LARGOMETRAJE","2008"
"145513","PACKAGE, THE","ACCIÓN","LARGOMETRAJE","2013"
"145514","TRANSSIBERIAN","POLICIAL","LARGOMETRAJE","2008"
"145887","FALLING SKIES - Season 2","CIENCIA FICCIÓN","SERIES","2012"
"145963","WORLD'S DUMBEST - Season 1","COMEDIA - ENTRETENIMIENTO FACTUAL","DOCUMENTAL SERIADO","2008"
"145964","WORLD'S DUMBEST - Season 2","COMEDIA - ENTRETENIMIENTO FACTUAL","DOCUMENTAL SERIADO","2009"
"145975","WORLD'S DUMBEST - Season 13","COMEDIA - ENTRETENIMIENTO FACTUAL","DOCUMENTAL SERIADO","2012"
"146179","BLADES OF GLORY","COMEDIA - DEPORTE","LARGOMETRAJE","2007"
"146191","OVER THE HEDGE (DWA)","ANIMACIÓN - AVENTURAS - COMEDIA","LARGOMETRAJE","2006"
"146202","ALBERT NOBBS","DRAMA","LARGOMETRAJE","2011"
"146380","BEDTIME STORIES","AVENTURAS - FANTASÍA","LARGOMETRAJE","2008"
"146396","RACE TO WITCH MOUNTAIN","ACCIÓN - AVENTURAS - FAMILIAR","LARGOMETRAJE","2009"
"146437","JULIA'S EYES","TERROR","LARGOMETRAJE","2011"
"146442","SCOTT PILGRIM VS. THE WORLD","ACCIÓN - COMEDIA - FANTASÍA","LARGOMETRAJE","2010"
"146444","TAKE ME HOME TONIGHT","COMEDIA - DRAMA - ROMANCE","LARGOMETRAJE","2011"
"146458","HIT & RUN (AKA OUTRUN)","ACCIÓN - COMEDIA - ROMANCE","LARGOMETRAJE","2012"
"146465","SIX BULLETS AKA THE BUTCHER","SUSPENSO","LARGOMETRAJE","2012"
"146562","IMPRACTICAL JOKERS - Season 2","ENTRETENIMIENTO FACTUAL","SERIES","2012 - 2013"
"146568","WHAT JUST HAPPENED","COMEDIA - DRAMA","LARGOMETRAJE","2008"
"146659","STORY OF US, THE","COMEDIA - DRAMA - ROMANCE","LARGOMETRAJE","1999"
"146663","SHERLOCK HOLMES","ACCIÓN - AVENTURAS - POLICIAL","LARGOMETRAJE","2009"
"146665","VALENTINE'S DAY","COMEDIA - ROMANCE","LARGOMETRAJE","2010"
"146668","TIME TRAVELER'S WIFE","DRAMA - FANTASÍA - ROMANCE","LARGOMETRAJE","2009"
"146670","GHOSTS OF GIRLFRIENDS PAST","COMEDIA - FANTASÍA - ROMANCE","LARGOMETRAJE","2009"
"146865","World's Dumbest - Season 15","COMEDIA - ENTRETENIMIENTO FACTUAL","DOCUMENTAL SERIADO","2013"
"146922","WALL-E","ANIMACIÓN - AVENTURAS","LARGOMETRAJE","2008"
"146923","TOY STORY","ANIMACIÓN - AVENTURAS - COMEDIA","LARGOMETRAJE","1995"
"146924","TOY STORY II","ANIMACIÓN - AVENTURAS - COMEDIA","LARGOMETRAJE","1999"
"146926","RATATOUILLE","ANIMACIÓN - COMEDIA - FAMILIAR","LARGOMETRAJE","2007"
"146927","MEET THE ROBINSONS","ANIMACIÓN - AVENTURAS - COMEDIA","LARGOMETRAJE","2007"
"146930","EMPEROR'S NEW GROOVE, THE","ANIMACIÓN - AVENTURAS - COMEDIA","LARGOMETRAJE","2000"
"146938","LEROY & STITCH","ANIMACIÓN - AVENTURAS - FAMILIAR","LARGOMETRAJE","2006"
"146943","PETER PAN: RETURN TO NEVERLAND","ANIMACIÓN - AVENTURAS - FAMILIAR","LARGOMETRAJE","2002"
"146944","TREASURE PLANET","ANIMACIÓN - AVENTURAS - FAMILIAR","LARGOMETRAJE","2002"
"146956","CARS","ANIMACIÓN - COMEDIA - FAMILIAR","LARGOMETRAJE","2006"
"146957","POCAHONTAS II: JOURNEY TO THE NEW WORLD","ANIMACIÓN - AVENTURAS - DRAMA","LARGOMETRAJE","1998"
"146958","CHICKEN LITTLE","ANIMACIÓN - AVENTURAS - COMEDIA","LARGOMETRAJE","2005"
"146959","MUPPETS, THE","COMEDIA - FAMILIAR - MUSICAL","LARGOMETRAJE","2011"
"146972","AN EXTREMELY GOOFY MOVIE","ANIMACIÓN - COMEDIA","LARGOMETRAJE","2000"
"146973","BRAVE","ANIMACIÓN - AVENTURAS - COMEDIA","LARGOMETRAJE","2012"
"146974","WRECK-IT RALPH","ANIMACIÓN - AVENTURAS - COMEDIA - FAMILIAR","LARGOMETRAJE","2012"
"146975","HERCULES","ACCIÓN - ANIMACIÓN - AVENTURAS","LARGOMETRAJE","1997"
"146976","MULAN","ANIMACIÓN - AVENTURAS","LARGOMETRAJE","1998"
"146977","ATLANTIS: THE LOST EMPIRE","ANIMACIÓN - AVENTURAS","LARGOMETRAJE","2001"
"146978","OLIVER & COMPANY","ANIMACIÓN - AVENTURAS","LARGOMETRAJE","1998"
"146979","FRANKENWEENIE","ANIMACIÓN - COMEDIA","LARGOMETRAJE","2012"
"146983","MULAN II","ACCIÓN - ANIMACIÓN","LARGOMETRAJE","2004"
"146984","ATLANTIS: MILO'S RETURN","ANIMACIÓN - AVENTURAS","LARGOMETRAJE","2003"
"146985","KRONK'S NEW GROOVE","ANIMACIÓN - COMEDIA","LARGOMETRAJE","2005"
"146987","TARZAN 1999","ANIMACIÓN - AVENTURAS","LARGOMETRAJE","1999"
"146988","LILO & STITCH","ANIMACIÓN - AVENTURAS - COMEDIA","LARGOMETRAJE","2002"
"146989","DINOSAUR","ANIMACIÓN - AVENTURAS - FAMILIAR","LARGOMETRAJE","2000"
"146990","BOLT","ANIMACIÓN - AVENTURAS - COMEDIA","LARGOMETRAJE","2008"
"146992","JAMES AND THE GIANT PEACH","ANIMACIÓN - AVENTURAS","LARGOMETRAJE","1996"
"146993","PIGLET'S BIG MOVIE","ANIMACIÓN - AVENTURAS","LARGOMETRAJE","2003"
"146994","ARISTOCATS, THE","ANIMACIÓN - AVENTURAS - COMEDIA","LARGOMETRAJE","1970"
"146995","MANY ADVENTURES OF WINNIE THE POOH, THE","ANIMACIÓN - FAMILIAR","LARGOMETRAJE","1977"
"146996","MICKEY'S TWICE UPON A CHRISTMAS","ANIMACIÓN - INFANTIL","LARGOMETRAJE","2004"
"146997","LILO & STITCH II: STITCH HAS A GLITCH","ANIMACIÓN - COMEDIA","LARGOMETRAJE","2005"
"146998","STITCH! THE MOVIE","ANIMACIÓN - COMEDIA","LARGOMETRAJE","2003"
"146999","TARZAN II","ANIMACIÓN - AVENTURAS","LARGOMETRAJE","2005"
"147128","FALLING SKIES - Season 3","CIENCIA FICCIÓN","SERIES","2013"
"147309","SURVIVING CHRISTMAS","COMEDIA","LARGOMETRAJE","2004"
"147569","ENGLISH TEACHER","COMEDIA","LARGOMETRAJE","2013"
"147570","ERASED (aka THE EXPATRIATE)","ACCIÓN - SUSPENSO","LARGOMETRAJE","2012"
"147604","A CHRISTMAS CAROL","ANIMACIÓN - COMEDIA - DRAMA","LARGOMETRAJE","2009"
"147615","Step Up 3D","DRAMA - MUSICAL - ROMANCE","LARGOMETRAJE","2010"
"147624","CINDERELLA STORY ONCE UPON A SONG, A","COMEDIA - FAMILIAR","LARGOMETRAJE","2011"
"147629","DUE DATE","COMEDIA - DRAMA","LARGOMETRAJE","2010"
"147637","LIFE AS WE KNOW IT","COMEDIA - DRAMA - ROMANCE","LARGOMETRAJE","2010"
"147638","LOTTERY TICKET","COMEDIA","LARGOMETRAJE","2010"
"147644","SUCKER PUNCH","ACCIÓN","LARGOMETRAJE","2011"
"147666","HONEY 2","COMEDIA - MUSICAL","LARGOMETRAJE","2011"
"147693","INTRUDERS","SUSPENSO - TERROR","LARGOMETRAJE","2012"
"147702","PAUL","AVENTURAS - CIENCIA FICCIÓN - COMEDIA","LARGOMETRAJE","2011"
"147727","21 AND OVER / UNA NOCHE LOCA","COMEDIA","LARGOMETRAJE","2013"
"147757","BACHELORETTE","COMEDIA - ROMANCE","LARGOMETRAJE","2012"
"147758","BERNIE","COMEDIA - DRAMA - POLICIAL","LARGOMETRAJE","2011"
"147763","COMPANY YOU KEEP, THE","DRAMA - SUSPENSO","LARGOMETRAJE","2012"
"147768","FROZEN GROUND, THE","POLICIAL","LARGOMETRAJE","2013"
"147770","GOOD OLD FASHIONED ORGY, A","COMEDIA","LARGOMETRAJE","2011"
"147771","GREAT HOPE SPRINGS aka HOPE SPRINGS","COMEDIA - DRAMA","LARGOMETRAJE","2012"
"147773","HOST, THE","AVENTURAS - CIENCIA FICCIÓN","LARGOMETRAJE","2013"
"147775","MOVIE 43","COMEDIA","LARGOMETRAJE","2013"
"147776","NUMBERS STATION, THE","ACCIÓN","LARGOMETRAJE","2013"
"147777","PAPERBOY, THE","DRAMA","LARGOMETRAJE","2012"
"147778","PEACE, LOVE & MISUNDERSTANDING","COMEDIA - DRAMA - MÚSICA","LARGOMETRAJE","2011"
"147779","PLAYING THE FIELD aka PLAYING FOR KEEPS","COMEDIA - DEPORTE - ROMANCE","LARGOMETRAJE","2012"
"147783","SILVER LININGS PLAYBOOK","COMEDIA - DRAMA - ROMANCE","LARGOMETRAJE","2012"
"147785","SUMMER AT DOG DAVE'S aka MAGIC OF BELLE ISLE, THE","COMEDIA - DRAMA","LARGOMETRAJE","2012"
"147790","WEDDING, THE aka BIG WEDDING, THE","COMEDIA","LARGOMETRAJE","2013"
"147793","WHOLE LOTTA SOLE","COMEDIA - DRAMA","LARGOMETRAJE","2011"
"147794","WORDS, THE","DRAMA - ROMANCE - SUSPENSO","LARGOMETRAJE","2012"
"147795","YOU MAY NOT KISS THE BRIDE","ACCIÓN - COMEDIA","LARGOMETRAJE","2011"
"147799","TARZAN 3D","ANIMACIÓN - AVENTURAS","LARGOMETRAJE","2013"
"147818","NIGHTMARE ON ELM STREET IV: DREAM MASTER","TERROR","LARGOMETRAJE","1988"
"147896","DREAMGIRLS","DRAMA - MUSICAL","LARGOMETRAJE","2006"
"147899","JACKASS NUMBER TWO","ACCIÓN - COMEDIA - DOCUMENTAL","LARGOMETRAJE","2006"
"148037","Sharknado","TERROR","LARGOMETRAJE","2013"
"148042","RISE OF THE ZOMBIES","ACCIÓN","LARGOMETRAJE","2012"
"148165","FALLING SKIES - Season 4","ACCIÓN - CIENCIA FICCIÓN - SUSPENSO","SERIES","2014"
"148263","OPEN SEASON (2006)","ANIMACIÓN - AVENTURAS - COMEDIA","LARGOMETRAJE","2006"
"148264","OPEN SEASON 2","ANIMACIÓN - AVENTURAS - COMEDIA","LARGOMETRAJE","2008"
"148265","OPEN SEASON 3","ANIMACIÓN - AVENTURAS","LARGOMETRAJE","2010"
"148266","PINEAPPLE EXPRESS","ACCIÓN - COMEDIA","LARGOMETRAJE","2008"
"148267","RV","AVENTURAS - COMEDIA - FAMILIAR","LARGOMETRAJE","2006"
"148269","STEP BROTHERS","COMEDIA","LARGOMETRAJE","2008"
"148273","BOUNTY HUNTER, THE (2010)","ACCIÓN - COMEDIA - ROMANCE","LARGOMETRAJE","2010"
"148279","HOUSE BUNNY, THE","COMEDIA - ROMANCE","LARGOMETRAJE","2008"
"148283","PAUL BLART: MALL COP","ACCIÓN - COMEDIA","LARGOMETRAJE","2009"
"148289","ADVENTURES OF TINTIN, THE","ACCIÓN - ANIMACIÓN - INFANTIL","LARGOMETRAJE","2011"
"148290","DISTRICT 9","ACCIÓN","LARGOMETRAJE","2009"
"148292","SMURFS, THE (2011)","ANIMACIÓN - COMEDIA","LARGOMETRAJE","2011"
"148293","GROWN UPS (2010)","COMEDIA","LARGOMETRAJE","2010"
"148295","HOTEL TRANSYLVANIA","ANIMACIÓN - COMEDIA - FAMILIAR","LARGOMETRAJE","2012"
"148296","SOCIAL NETWORK, THE","BIOGRAFÍA - DRAMA","LARGOMETRAJE","2010"
"148298","GIRL WITH THE DRAGON TATTOO, THE (2011)","DRAMA","LARGOMETRAJE","2011"
"148575","THE COLONY","ACCIÓN - CIENCIA FICCIÓN","LARGOMETRAJE","2013"
"148576","ADULT WORLD","COMEDIA","LARGOMETRAJE","2013"
"148577","NOT SUITABLE FOR CHILDREN","COMEDIA - ROMANCE","LARGOMETRAJE","2012"
"148578","STEP DOGS","COMEDIA - FAMILIAR","LARGOMETRAJE","2013"
"148579","STREETDANCE ALL STARS (aka All Stars)","COMEDIA","LARGOMETRAJE","2013"
"148594","ROB THE MOB","DRAMA - POLICIAL","LARGOMETRAJE","2014"
"148595","ANGRIEST MAN IN BROOKLYN, THE","COMEDIA - DRAMA","LARGOMETRAJE","2014"
"148612","TESIS SOBRE UN HOMICIDIO","DRAMA - SUSPENSO","LARGOMETRAJE","2013"
"148613","LA SUERTE EN TUS MANOS","COMEDIA","LARGOMETRAJE","2012"
"148616","TIEMPO DE VALIENTES","ACCIÓN - COMEDIA","LARGOMETRAJE","2005"
"148688","POKEMON - MOVIE S17","ANIMACIÓN - AVENTURAS","LARGOMETRAJE","2014"
"148693","LEGEND OF BOOGEYMAN, THE","TERROR","LARGOMETRAJE","2012"
"148694","CURIOUS GEORGE: A HALLOWEEN BOO FEST","ANIMACIÓN - COMEDIA","LARGOMETRAJE","2013"
"148695","RETURN TO NIM'S ISLAND","AVENTURAS - FAMILIAR - FANTASÍA","LARGOMETRAJE","2013"
"148699","BLOOD & CHROME","ACCIÓN","LARGOMETRAJE","2012"
"148708","PITCH PERFECT","COMEDIA","LARGOMETRAJE","2012"
"148709","THE MAN WITH THE IRON FISTS","ACCIÓN","LARGOMETRAJE","2012"
"148710","THIS IS 40","COMEDIA","LARGOMETRAJE","2012"
"148711","THE FIVE YEAR ENGAGEMENT","COMEDIA - ROMANCE","LARGOMETRAJE","2012"
"148713","BIG MIRACLE","DRAMA - ROMANCE","LARGOMETRAJE","2012"
"148714","FOR A GOOD TIME CALL","COMEDIA","LARGOMETRAJE","2012"
"148715","THIN ICE","COMEDIA - DRAMA","LARGOMETRAJE","2011"
"148717","ALL IN GOOD TIME","COMEDIA","LARGOMETRAJE","2012"
"148720","LA STRATEGIE DE LA POUSSETTE","COMEDIA","LARGOMETRAJE","2012"
"148721","TED","COMEDIA - FANTASÍA","LARGOMETRAJE","2012"
"148723","PARANORMAN","ANIMACIÓN - COMEDIA","LARGOMETRAJE","2012"
"148725","WHAT TO EXPECT WHEN YOU RE EXPECTING","COMEDIA - DRAMA","LARGOMETRAJE","2012"
"148726","SAVAGES","DRAMA - SUSPENSO","LARGOMETRAJE","2012"
"148730","MOONRISE KINGDOM","COMEDIA","LARGOMETRAJE","2012"
"148734","ERNEST ET CELESTINE","ANIMACIÓN","LARGOMETRAJE","2012"
"148737","NITRO CIRCUS THE MOVIE","DEPORTE - DOCUMENTAL","LARGOMETRAJE","2012"
"148739","LOVE MARILYN","DOCUMENTAL","LARGOMETRAJE","2012"
"148740","I AM","DOCUMENTAL","LARGOMETRAJE","2010"
"148742","MA BONNE ETOILE","DRAMA","LARGOMETRAJE","2012"
"148748","RICK & MORTY - Season 1","ANIMACIÓN - COMEDIA","SERIES","2013"
"148823","SHARK NIGHT [3D]","TERROR","LARGOMETRAJE","2011"
"148824","DOM HEMINGWAY","COMEDIA - SUSPENSO","LARGOMETRAJE","2013"
"148825","A LONG WAY DOWN","COMEDIA - DRAMA","LARGOMETRAJE","2014"
"148842","PIRATES OF THE CARIBBEAN: ON STRANGER TIDES [3D]","ACCIÓN - AVENTURAS - FANTASÍA","LARGOMETRAJE","2011"
"148869","HARRY POTTER AND THE DEATHLY HALLOWS - PART 2","ACCIÓN - AVENTURAS - FAMILIAR - FANTASÍA - SUSPENSO","LARGOMETRAJE","2011"
"148871","HANGOVER PART II, THE","COMEDIA","LARGOMETRAJE","2011"
"148872","SHERLOCK HOLMES: A GAME OF SHADOWS","ACCIÓN - AVENTURAS","LARGOMETRAJE","2011"
"148873","HORRIBLE BOSSES","COMEDIA","LARGOMETRAJE","2011"
"148876","CRAZY, STUPID, LOVE","COMEDIA - ROMANCE","LARGOMETRAJE","2011"
"148878","CONTAGION","ACCIÓN - AVENTURAS - SUSPENSO","LARGOMETRAJE","2011"
"148879","DOLPHIN TALE","DRAMA - FAMILIAR - INFANTIL","LARGOMETRAJE","2011"
"148881","LUCKY ONE, THE","DRAMA - ROMANCE","LARGOMETRAJE","2012"
"148882","PROJECT X","COMEDIA","LARGOMETRAJE","2012"
"148883","NEW YEAR'S EVE","COMEDIA - ROMANCE","LARGOMETRAJE","2011"
"148884","FINAL DESTINATION 5","TERROR","LARGOMETRAJE","2011"
"148885","J. EDGAR","DRAMA - SUSPENSO","LARGOMETRAJE","2011"
"148886","VERY HAROLD & KUMAR 3D CHRISTMAS, A","AVENTURAS - COMEDIA","LARGOMETRAJE","2011"
"148887","EXTREMELY LOUD & INCREDIBLY CLOSE","AVENTURAS - DRAMA - SUSPENSO","LARGOMETRAJE","2011"
"148888","JOYFUL NOISE","COMEDIA - MUSICAL","LARGOMETRAJE","2012"
"148889","DREAM HOUSE","DRAMA - SUSPENSO","LARGOMETRAJE","2011"
"148894","102 DALMATIANS","COMEDIA","LARGOMETRAJE","2000"
"148897","MARS NEEDS MOMS!","ACCIÓN - ANIMACIÓN - AVENTURAS","LARGOMETRAJE","2011"
"148907","SAFETY NOT GUARANTEED","COMEDIA - ROMANCE","LARGOMETRAJE","2012"
"148918","SECRET WORLD OF ARRIETY, THE","ANIMACIÓN - AVENTURAS - FAMILIAR","LARGOMETRAJE","2010"
"148919","PEOPLE LIKE US","DRAMA","LARGOMETRAJE","2012"
"148920","END OF WATCH","DRAMA - POLICIAL","LARGOMETRAJE","2012"
"148923","EXTRAÑOS EN LA NOCHE","COMEDIA - SUSPENSO","LARGOMETRAJE","2012"
"148924","2 DAYS IN NEW YORK","COMEDIA - DRAMA - ROMANCE","LARGOMETRAJE","2012"
"148926","BEVERLY HILL CHIHUAHUA 3: VIVA LA FIESTA! [L/A DTV]","AVENTURAS - COMEDIA - FAMILIAR","LARGOMETRAJE","2012"
"148927","TREASURE BUDDIES [L/A DTV]","COMEDIA - FAMILIAR","LARGOMETRAJE","2012"
"148928","ELEFANTE BLANCO [AKA VILLA / VILLA VIRGEN]","DRAMA","LARGOMETRAJE","2012"
"148929","WON'T BACK DOWN","DRAMA","LARGOMETRAJE","2012"
"148931","SANTA PAWS 2: THE SANTA PUPS  [L/A DTV]","AVENTURAS - FAMILIAR","LARGOMETRAJE","2012"
"148934","PAPA POR UN DIA","COMEDIA","LARGOMETRAJE","2009"
"148935","PROM","COMEDIA - DRAMA","LARGOMETRAJE","2011"
"148939","PATORUZITO [ANIMADO]","INFANTIL","LARGOMETRAJE","2004"
"148940","BLIND DATING","COMEDIA - ROMANCE","LARGOMETRAJE","2006"
"148941","9 REINAS (AKA: NUEVE REINAS)","DRAMA - POLICIAL - SUSPENSO","LARGOMETRAJE","2000"
"148942","APARIENCIAS","COMEDIA - ROMANCE","LARGOMETRAJE","2000"
"148944","COHEN VS. ROSI","COMEDIA","LARGOMETRAJE","1998"
"148945","SISTER ACT 2: BACK IN THE HABIT","COMEDIA - MUSICAL","LARGOMETRAJE","1993"
"148948","PELIGROSA OBSESION","ACCIÓN - SUSPENSO","LARGOMETRAJE","2004"
"148950","EX, THE AKA. FAST TRACK","COMEDIA - ROMANCE","LARGOMETRAJE","2006"
"148968","BROOKLYN NINE-NINE - Season 2","COMEDIA - POLICIAL","SERIES","2014"
"148995","PETER CAPUSOTTO - Season 9","COMEDIA","SERIES","2014"
"149052","MISTER PICKLES - Season 1","ANIMACIÓN - COMEDIA","SERIES","2013 - 2014"
"149062","VENTURE BROS, THE - Season 1","ANIMACIÓN","SERIES","2002"
"149063","VENTURE BROS, THE - Season 2","ANIMACIÓN","SERIES","2006"
"149145","30 ROCK - Season 3","COMEDIA","SERIES","2009"
"149146","30 ROCK - Season 4","COMEDIA","SERIES","2009 - 2010"
"149147","30 ROCK - Season 5","COMEDIA","SERIES","2010 - 2011"
"149148","30 ROCK - Season 6","COMEDIA","SERIES","2012"
"149149","30 ROCK - Season 7","COMEDIA","SERIES","2012 - 2013"
"149228","DEAD SNOW 2","TERROR","LARGOMETRAJE","2014"
"149266","FALLING SKIES - Season 5","CIENCIA FICCIÓN","SERIES","2015"
"149282","MADAGASCAR: ESCAPE 2 AFRICA","ACCIÓN - ANIMACIÓN - AVENTURAS - COMEDIA","LARGOMETRAJE","2008"
"149285","SINBAD, THE LEGEND OF THE SEVEN SEAS","ANIMACIÓN - AVENTURAS - FANTASÍA","LARGOMETRAJE","2003"
"149286","SON OF RAMBOW","ACCIÓN - AVENTURAS - COMEDIA","LARGOMETRAJE","2007"
"149289","YEAR OF THE DOG","COMEDIA - DRAMA","LARGOMETRAJE","2007"
"149295","HOW TO TRAIN YOUR DRAGON","ANIMACIÓN - AVENTURAS - FAMILIAR","LARGOMETRAJE","2010"
"149324","VENGEANCE OF AN ASSASSIN","ACCIÓN","LARGOMETRAJE","2014"
"149325","THE PROTECTOR 2","ACCIÓN","LARGOMETRAJE","2013"
"149384","MÚSICA EN ESPERA","COMEDIA - ROMANCE","LARGOMETRAJE","2009"
"149386","WAKOLDA","DRAMA","LARGOMETRAJE","2013"
"149387","CAÍDOS DEL MAPA","INFANTIL","LARGOMETRAJE","2013"
"149401","GROWN UPS 2 (2013)","COMEDIA","LARGOMETRAJE","2013"
"149402","THIS IS THE END","COMEDIA - FANTASÍA","LARGOMETRAJE","2013"
"149410","MANDELA: LONG WALK TO FREEDOM","BIOGRAFÍA - DRAMA","LARGOMETRAJE","2013"
"149411","TO DO LIST, THE","COMEDIA - ROMANCE","LARGOMETRAJE","2013"
"149412","ATTACK THE BLOCK","ACCIÓN - CIENCIA FICCIÓN - COMEDIA","LARGOMETRAJE","2011"
"149413","DRINKING BUDDIES","COMEDIA - DRAMA","LARGOMETRAJE","2013"
"149414","IRON MAN: RISE OF TECHNOVORE","ACCIÓN - ANIMACIÓN - CIENCIA FICCIÓN","LARGOMETRAJE","2013"
"149415","STRANGER WITHIN (2013)","SUSPENSO","LARGOMETRAJE","2013"
"149424","RAID, THE: REDEMPTION","ACCIÓN","LARGOMETRAJE","2011"
"149426","LOCKOUT","ACCIÓN - AVENTURAS - FANTASÍA","LARGOMETRAJE","2012"
"149445","MARIE ANTOINETTE (2006 FEATURE)","DRAMA","LARGOMETRAJE","2006"
"149450","RUNNING WITH SCISSORS","COMEDIA - DRAMA","LARGOMETRAJE","2006"
"149468","KUNG FU HUSTLE","ACCIÓN - COMEDIA","LARGOMETRAJE","2004"
"149471","ANACONDA 3: OFFSPRING","ACCIÓN","LARGOMETRAJE","2008"
"149473","ARE WE DONE YET?","COMEDIA - DRAMA - FAMILIAR","LARGOMETRAJE","2007"
"149474","BACK UP PLAN, THE","COMEDIA - ROMANCE","LARGOMETRAJE","2010"
"149477","BRUNO","COMEDIA","LARGOMETRAJE","2009"
"149481","DID YOU HEAR ABOUT THE MORGANS","COMEDIA - DRAMA - ROMANCE","LARGOMETRAJE","2009"
"149485","EXORCISM OF EMILY ROSE, THE","TERROR","LARGOMETRAJE","2005"
"149488","IMAGINARIUM OF DOCTOR PARNASSUS, THE","AVENTURAS - FANTASÍA - SUSPENSO","LARGOMETRAJE","2009"
"149490","INTERNATIONAL,THE","ACCIÓN - DRAMA","LARGOMETRAJE","2009"
"149493","MADE OF HONOR","COMEDIA - ROMANCE","LARGOMETRAJE","2008"
"149494","MEN WHO STARE AT GOATS, THE","BÉLICA - COMEDIA","LARGOMETRAJE","2009"
"149496","MONSTER HOUSE","ANIMACIÓN - COMEDIA - FAMILIAR","LARGOMETRAJE","2006"
"149498","NATIONAL SECURITY","ACCIÓN - COMEDIA - POLICIAL","LARGOMETRAJE","2003"
"149499","NICK & NORA'S INFINITE PLAYLIST","COMEDIA - DRAMA - MÚSICA","LARGOMETRAJE","2008"
"149505","SEVEN POUNDS","DRAMA","LARGOMETRAJE","2008"
"149507","SILENT HILL","TERROR","LARGOMETRAJE","2006"
"149509","STUART LITTLE 3: CALL OF THE WILD (2006)","ANIMACIÓN - COMEDIA - FAMILIAR","LARGOMETRAJE","2005"
"149511","UGLY TRUTH, THE (2009)","COMEDIA - ROMANCE","LARGOMETRAJE","2009"
"149514","WALK HARD: THE DEWEY COX STORY","COMEDIA - MÚSICA","LARGOMETRAJE","2007"
"149515","WATER HORSE, THE (2007)","AVENTURAS - FAMILIAR - FANTASÍA","LARGOMETRAJE","2007"
"149518","YEAR ONE (2009)","AVENTURAS - COMEDIA","LARGOMETRAJE","2009"
"149520","ZOOM (2006)","ACCIÓN - AVENTURAS - FAMILIAR","LARGOMETRAJE","2006"
"149522","MONSTER HIGH: GREAT SCARRIER REEF","ANIMACIÓN","LARGOMETRAJE","2016"
"149530","STRETCH","ACCIÓN","LARGOMETRAJE","2014"
"149573","WE BARE BEARS","ANIMACIÓN - AVENTURAS - COMEDIA","SERIES","2015 - 2016 - 2018"
"149622","LORDS OF SALEM, THE","TERROR","LARGOMETRAJE","2012"
"149640","OUTPOST II: BLACK SUN","ACCIÓN","LARGOMETRAJE","2012"
"149641","OUTPOST III: RISE OF THE SPETSNAZ","ACCIÓN","LARGOMETRAJE","2013"
"568454","FILLERS ""IMPRACTICAL JOKERS""","COMEDIA","INSERTS / FILLERS SIN CONTRATO",
"2114200","MARRIED... WITH CHILDREN - Season 7","COMEDIA","SERIES","1992 - 1993"
"2119500","HOME SWEET HELL","SUSPENSO","LARGOMETRAJE","2015"
"2119700","THUNDERSTRUCK","COMEDIA","LARGOMETRAJE","2012"
"2127300","HOLLYWOOD ONE ON ONE 2017 ¿ 15 MIN","ENTRETENIMIENTO","SERIES","2017"
"2144800","DESCENDANTS 2","ACCIÓN - AVENTURAS","LARGOMETRAJE","2017"
"2145100","THAT'S MY BOY","COMEDIA","LARGOMETRAJE","2012"
"2100312","DIXIE Y LA REBELION ZOMBIE","ANIMACIÓN","LARGOMETRAJE","2014"
"2101033","DEATH AT A FUNERAL","COMEDIA","LARGOMETRAJE","2010"
"2101037","LEAFIE","ANIMACIÓN - AVENTURAS","LARGOMETRAJE","2011"
"2101045","CONFESSION OF MURDER","ACCIÓN","LARGOMETRAJE","2012"
"2101591","ANGIE TRIBECA - Season 1","COMEDIA","SERIES","2016"
"2101722","SNAKES ON A TRAIN","TERROR","LARGOMETRAJE","2006"
"2101723","BLOOD LAKE","TERROR","LARGOMETRAJE","2014"
"2101724","BATTLEDOGS","TERROR","LARGOMETRAJE","2013"
"2101729","SOCIOS POR ACCIDENTE 1","COMEDIA","LARGOMETRAJE","2014"
"2102643","2017 SCREEN ACTORS GUILD AWARDS, THE","ENTRETENIMIENTO","ESPECIAL/PROGRAM","2017"
"2102737","PLODDY, POLICE CAR ON THE CASE","ANIMACIÓN","LARGOMETRAJE","2013"
"2103039","MALA","POLICIAL - SUSPENSO","LARGOMETRAJE","2013"
"2103045","SUDOR FRIO","TERROR","LARGOMETRAJE","2010"
"2103046","PETER CAPUSOTTOY SUS TRES DIMENSIONES","COMEDIA","LARGOMETRAJE","2012"
"2103092","BAÑEROS 4: LOS ROMPEOLAS","COMEDIA","LARGOMETRAJE","2014"
"2103124","SOCIOS POR ACCIDENTE 2","ACCIÓN - COMEDIA","LARGOMETRAJE","2015"
"2103187","SAND SHARKS","TERROR","LARGOMETRAJE","2012"
"2103192","THE GOOD THE BAD AND THE DEAD","ACCIÓN","LARGOMETRAJE","2015"
"2103193","RODENCIA Y EL DIENTE DE LA PRINCESA","ANIMACIÓN - AVENTURAS","LARGOMETRAJE","2013"
"2103512","PETER CAPUSOTTO - Season 10","COMEDIA","SERIES","2015"
"2103516","CAPSULAS PETER CAPUSOTTO","COMEDIA","INSERTS / FILLERS",
"2104397","IMPRACTICAL JOKERS - Season 4","COMEDIA - ENTRETENIMIENTO - REALITY","SERIES","2015"
"2104655","EL MUNDO DESDE ABAJO - Season 4","COMEDIA","SERIES","2016"
"2104903","ASS BACKWARDS","AVENTURAS - COMEDIA","LARGOMETRAJE","2013"
"2104907","CUP, THE","DEPORTE - DRAMA","LARGOMETRAJE","2011"
"2104908","DEAD MAN DOWN","ACCIÓN - DRAMA - POLICIAL","LARGOMETRAJE","2013"
"2104911","FOODFIGHT!","ACCIÓN - ANIMACIÓN - COMEDIA","LARGOMETRAJE","2012"
"2104912","FREELOADERS","COMEDIA","LARGOMETRAJE","2012"
"2104914","GOON","COMEDIA - DEPORTE","LARGOMETRAJE","2011"
"2104915","GREAT GHOST RESCUE, THE","FAMILIAR - FANTASÍA - TERROR","LARGOMETRAJE","2011"
"2104916","HUMMINGBIRD AKA REDEMPTION","ACCIÓN - DRAMA - SUSPENSO","LARGOMETRAJE","2013"
"2104917","IMMIGRANT, THE","DRAMA","LARGOMETRAJE","2013"
"2104919","IRON SKY","ACCIÓN","LARGOMETRAJE","2012"
"2104922","KNIFE FIGHT","DRAMA","LARGOMETRAJE","2012"
"2104923","LETTER, THE","SUSPENSO","LARGOMETRAJE","2012"
"2104926","LIBERAL ARTS","COMEDIA","LARGOMETRAJE","2012"
"2104932","POOL BOYS","COMEDIA","LARGOMETRAJE","2009"
"2104937","SISTERS & BROTHERS","COMEDIA","LARGOMETRAJE","2011"
"2104939","SOFIA AKA ASSASSIN'S BULLET","ACCIÓN - DRAMA","LARGOMETRAJE","2012"
"2104941","VERY GOOD GIRLS","DRAMA - ROMANCE","LARGOMETRAJE","2013"
"2104942","WELCOME TO THE JUNGLE","ACCIÓN - AVENTURAS","LARGOMETRAJE","2013"
"2104943","ZERO DARK THIRTY","DRAMA - SUSPENSO","LARGOMETRAJE","2012"
"2105175","BROOKLYN NINE-NINE - Season 3","COMEDIA - POLICIAL","SERIES","2015"
"2105176","MINDY PROJECT, THE - Season 4","COMEDIA","SERIES","2015"
"2105233","ALWAYS WATCHING: A MARBLE HORNETS STORY","TERROR","LARGOMETRAJE","2015"
"2105248","OTTO IS A RHINO (aka Otto er et Nresehorn)","ANIMACIÓN - COMEDIA","LARGOMETRAJE","2013"
"2105333","LOS SUPERAGENTES: NUEVA GENERACION","AVENTURAS - COMEDIA","LARGOMETRAJE","2008"
"2105890","PSICONAUTAS","COMEDIA","SERIES","2016"
"2107034","RIDE ALONG","ACCIÓN - COMEDIA","LARGOMETRAJE","2014"
"2107035","ABOUT TIME","COMEDIA - DRAMA","LARGOMETRAJE","2013"
"2107036","ADMISSION","COMEDIA - DRAMA","LARGOMETRAJE","2013"
"2107039","ADVENTURER, THE: CURSE OF MIDAS BOX","AVENTURAS - FANTASÍA","LARGOMETRAJE","2014"
"2107040","CLOSED CIRCUIT","DRAMA - SUSPENSO","LARGOMETRAJE","2013"
"2107041","DEADLY GAME, THE","ACCIÓN - SUSPENSO","LARGOMETRAJE","2013"
"2107048","DESPICABLE ME 2","ANIMACIÓN - COMEDIA","LARGOMETRAJE","2013"
"2107052","ENDLESS LOVE","DRAMA - ROMANCE","LARGOMETRAJE","2014"
"2107053","WORLD'S END, THE","ACCIÓN - CIENCIA FICCIÓN - COMEDIA","LARGOMETRAJE","2013"
"2107054","BAD WORDS","COMEDIA - DRAMA","LARGOMETRAJE","2014"
"2107055","ALAN PARTRIDGE: THE MOVIE","COMEDIA","LARGOMETRAJE","2013"
"2107057","DISCONNECT","DRAMA - SUSPENSO","LARGOMETRAJE","2013"
"2107058","FRANKIE & ALICE","DRAMA","LARGOMETRAJE","2014"
"2107059","BEST MAN HOLIDAY, THE","COMEDIA","LARGOMETRAJE","2013"
"2107060","AMOUR ET TURBULENCES","COMEDIA - ROMANCE","LARGOMETRAJE","2013"
"2107067","AMERICAN GIRL: MCKENNA SHOOTS FOR THE ST","FAMILIAR","LARGOMETRAJE","2012"
"2107068","AMERICAN GIRL: SAIGE PAINTS THE SKY","FAMILIAR","LARGOMETRAJE","2013"
"2107069","SALTING THE BATTLEFIELD","ACCIÓN - DRAMA","LARGOMETRAJE","2014"
"2107074","MONKEY'S PAW, THE","TERROR","LARGOMETRAJE","2013"
"2107075","NOT SAFE FOR WORK","SUSPENSO","LARGOMETRAJE","2014"
"2107077","ARRANGEMENT, THE","DRAMA","LARGOMETRAJE","2013"
"2107078","BENEATH","TERROR","LARGOMETRAJE","2013"
"2107079","MURDER ON THE HOME FRONT","SUSPENSO","LARGOMETRAJE","2013"
"2107080","7:39, THE","ROMANCE","LARGOMETRAJE","2013"
"2107081","UNDERGROUND: THE JULIAN ASSANGE STORY","DRAMA","LARGOMETRAJE","2012"
"2107928","OZ: THE GREAT AND POWERFUL [3D]","AVENTURAS - FAMILIAR - FANTASÍA","LARGOMETRAJE","2013"
"2107931","ODD LIFE OF TIMOTHY GREEN, THE","COMEDIA - DRAMA - FAMILIAR","LARGOMETRAJE","2012"
"2107933","DELIVERY MAN","COMEDIA - DRAMA","LARGOMETRAJE","2013"
"2107935","SPECTACULAR NOW, THE","COMEDIA - DRAMA - ROMANCE","LARGOMETRAJE","2013"
"2107936","EMPEROR","AVENTURAS - DRAMA","LARGOMETRAJE","2013"
"2107937","FIFTH ESTATE, THE","BIOGRAFÍA - SUSPENSO","LARGOMETRAJE","2013"
"2107938","ROMEO & JULIET","DRAMA - ROMANCE","LARGOMETRAJE","2013"
"2107939","AFTERSHOCK","ACCIÓN","LARGOMETRAJE","2012"
"2107940","CBGB","DRAMA - MÚSICA","LARGOMETRAJE","2013"
"2107942","SOLO PARA DOS (FKA: TU BIKINI EN MI MALETA)","COMEDIA","LARGOMETRAJE","2013"
"2107943","DOS MAS DOS","COMEDIA","LARGOMETRAJE","2012"
"2107944","DIAS DE VINILO","COMEDIA","LARGOMETRAJE","2012"
"2107946","SELKIRK, EL VERDADERO ROBINSON CRUSOE","ANIMACIÓN - FAMILIAR","LARGOMETRAJE","2012"
"2107951","WIND RISES, THE ( ANIMATED) [JAPAN]","ANIMACIÓN - BIOGRAFÍA","LARGOMETRAJE","2013"
"2107952","BHAAG MILKHA BHAAG (AKA. RUNNER)","ACCIÓN - BIOGRAFÍA","LARGOMETRAJE","2013"
"2107955","CUENTO CHINO, UN (AKA: CHINESE TAKE-OUT)","COMEDIA - DRAMA","LARGOMETRAJE","2011"
"2107957","PELEA DE MI VIDA, LA","DEPORTE - FAMILIAR","LARGOMETRAJE","2012"
"2108149","ASTRONAUT WIVES CLUB","DRAMA","SERIES","2015"
"2108163","THE WAY","AVENTURAS - COMEDIA","LARGOMETRAJE","2010"
"2108179","42","BIOGRAFÍA - DEPORTE - DRAMA","LARGOMETRAJE","2013"
"2108180","CAMPAIGN, THE","COMEDIA","LARGOMETRAJE","2012"
"2108181","DARK SHADOWS, THE","COMEDIA - TERROR","LARGOMETRAJE","2012"
"2108183","KRYPTONITA","ACCIÓN","LARGOMETRAJE","2015"
"2108186","GANGSTER SQUAD","ACCIÓN - DRAMA","LARGOMETRAJE","2013"
"2108187","ROCK OF AGES","COMEDIA - DRAMA - MUSICAL - ROMANCE","LARGOMETRAJE","2012"
"2108188","TROUBLE WITH THE CURVE","DRAMA","LARGOMETRAJE","2012"
"2108189","INCREDIBLE BURT WONDERSTONE, THE","COMEDIA - ROMANCE","LARGOMETRAJE","2013"
"2108194","BLACK GOLD","AVENTURAS - DRAMA","LARGOMETRAJE","2011"
"2108204","CHRISTMAS STORY 2, A","COMEDIA - FAMILIAR","LARGOMETRAJE","2012"
"2108945","THOSE WHO CAN'T - Season 1","COMEDIA","SERIES","2016"
"2110509","POKEMON - MOVIE S18","ANIMACIÓN","LARGOMETRAJE","2015"
"2111124","BARBIE: DREAMTOPIA","ANIMACIÓN - FANTASÍA","LARGOMETRAJE","2016"
"2111582","ALL CHEERLEADERS DIE","TERROR","LARGOMETRAJE","2013"
"2111591","RAZE","TERROR","LARGOMETRAJE","2013"
"2113353","TRU INSIDE -  Season 1","COMEDIA - DOCUMENTAL","DOCUMENTAL SERIADO","2016"
"2114128","DETOUR, THE - Season 1","COMEDIA","SERIES","2016"
"2114131","GOOD LUCK CHUCK","COMEDIA","LARGOMETRAJE","2007"
"2114133","ANACONDAS: TRAIL OF BLOOD","ACCIÓN","LARGOMETRAJE","2009"
"2114134","EAT PRAY LOVE","DRAMA - ROMANCE","LARGOMETRAJE","2010"
"2114142","GUARD, THE","COMEDIA","LARGOMETRAJE","2011"
"2114145","HOW DO YOU KNOW","COMEDIA - ROMANCE","LARGOMETRAJE","2010"
"2114148","HANNA (2011)","ACCIÓN - DRAMA - SUSPENSO","LARGOMETRAJE","2011"
"2114149","BAD TEACHER (2011)","COMEDIA","LARGOMETRAJE","2011"
"2114182","THE NANNY - Season 1","COMEDIA - FAMILIAR - ROMANCE","SERIES","1993 - 1994"
"2114183","THE NANNY - Season 2","COMEDIA - FAMILIAR - ROMANCE","SERIES","1994 - 1995"
"2114184","THE NANNY - Season 3","COMEDIA - FAMILIAR - ROMANCE","SERIES","1995 - 1996"
"2114186","THE NANNY - Season 4","COMEDIA - FAMILIAR - ROMANCE","SERIES","1996 - 1997"
"2114188","THE NANNY - Season 5","COMEDIA - FAMILIAR - ROMANCE","SERIES","1997 - 1998"
"2114189","THE NANNY - SEASON 6","COMEDIA - FAMILIAR - ROMANCE","SERIES","1998 - 1999"
"2114191","MARRIED... WITH CHILDREN - Season 2","COMEDIA","SERIES","1988"
"2114192","MARRIED... WITH CHILDREN - Season 3","COMEDIA","SERIES","1989"
"2114193","MARRIED... WITH CHILDREN - Season 4","COMEDIA","SERIES","1990"
"2114194","MARRIED... WITH CHILDREN - Season 5","COMEDIA","SERIES","1990 - 1991"
"2114196","MARRIED... WITH CHILDREN - Season 6","COMEDIA","SERIES","1991 - 1992"
"2114201","MARRIED... WITH CHILDREN - Season 8","COMEDIA","SERIES","1995"
"2114207","CHERRY TREE","TERROR","LARGOMETRAJE","2015"
"2114210","WE ARE STILL HERE","TERROR","LARGOMETRAJE","2015"
"2114343","ANGIE TRIBECA - Season 2","COMEDIA","SERIES","2016"
"2114344","WRECKED - Season 1","COMEDIA","SERIES","2016"
"2114387","JULIE & JULIA","ROMANCE","LARGOMETRAJE","2009"
"2114388","EASY A","COMEDIA - ROMANCE","LARGOMETRAJE","2010"
"2114389","OTHER GUYS, THE","ACCIÓN - COMEDIA","LARGOMETRAJE","2010"
"2114390","TOURIST, THE","ACCIÓN - ROMANCE","LARGOMETRAJE","2010"
"2114391","TAKERS (2010)","ACCIÓN","LARGOMETRAJE","2010"
"2114392","FRIENDS WITH BENEFITS","COMEDIA - ROMANCE","LARGOMETRAJE","2011"
"2115124","THE HOARDER","TERROR","LARGOMETRAJE","2015"
"2115135","HOWL","TERROR","LARGOMETRAJE","2015"
"2115528","RED SKY","ACCIÓN","LARGOMETRAJE","2014"
"2115986","IMPRACTICAL JOKERS - Season 5","COMEDIA - REALITY","SERIES","2016"
"2116274","SEARCH PARTY Season 1","COMEDIA","SERIES","2016"
"2117176","PAPA SE VOLVIO LOCO","COMEDIA - FAMILIAR","LARGOMETRAJE","2005"
"2117177","INCORREGIBLES","ACCIÓN","LARGOMETRAJE","2007"
"2117607","ICEMAN","ACCIÓN","LARGOMETRAJE","2014"
"2117972","VIGILANTES","COMEDIA","SERIES","2016"
"2118277","PETER CAPUSOTTO - Season 11","COMEDIA","SERIES","2016"
"2118704","NAFTA SUPER - Season 1","ACCIÓN","SERIES","2016"
"2118705","RICK & MORTY - Season 2","ANIMACIÓN","SERIES","2015"
"2119416","CHRONICLES OF NARNIA: PRINCE CASPIAN","AVENTURAS - FAMILIAR","LARGOMETRAJE","2008"
"2119417","GAME PLAN, THE","COMEDIA - FAMILIAR","LARGOMETRAJE","2007"
"2119420","ULTIMATE LIFE, THE","DRAMA - ROMANCE","LARGOMETRAJE","2013"
"2119428","OBVIOUS CHILD","COMEDIA - DRAMA - ROMANCE","LARGOMETRAJE","2014"
"2119432","SAVING MR. BANKS","BIOGRAFÍA - COMEDIA","LARGOMETRAJE","2013"
"2119433","MUPPETS MOST WANTED","AVENTURAS - COMEDIA","LARGOMETRAJE","2014"
"2119437","HUNDRED-FOOT JOURNEY, THE","COMEDIA - DRAMA","LARGOMETRAJE","2014"
"2119441","MY OLD LADY","COMEDIA - DRAMA - ROMANCE","LARGOMETRAJE","2014"
"2119442","TRIP TO ITALY, THE","COMEDIA","LARGOMETRAJE","2014"
"2119443","SELMA","BIOGRAFÍA - DRAMA","LARGOMETRAJE","2014"
"2119447","BEARS","DOCUMENTAL","LARGOMETRAJE","2014"
"2119449","MILLION DOLLAR ARM","BIOGRAFÍA - DEPORTE","LARGOMETRAJE","2014"
"2119452","DEAR WHITE PEOPLE","COMEDIA","LARGOMETRAJE","2014"
"2119453","HECTOR AND THE SEARCH FOR HAPPINESS","AVENTURAS - COMEDIA - DRAMA","LARGOMETRAJE","2014"
"2119456","LOST - Season 5","DRAMA","SERIES","2009"
"2119457","LOST - Season 6","DRAMA","SERIES","2010"
"2119480","HEAVEN IS FOR REAL","BIOGRAFÍA - DRAMA - FAMILIAR","LARGOMETRAJE","2014"
"2119481","THINK LIKE A MAN TOO","COMEDIA - ROMANCE","LARGOMETRAJE","2014"
"2119484","ABOUT LAST NIGHT","COMEDIA - ROMANCE","LARGOMETRAJE","2014"
"2119485","MOMS' NIGHT OUT","COMEDIA","LARGOMETRAJE","2014"
"2119486","SKELETON TWINS, THE","COMEDIA","LARGOMETRAJE","2014"
"2119487","GRAND SEDUCTION, THE","COMEDIA","LARGOMETRAJE","2013"
"2119490","GIMME SHELTER","DRAMA","LARGOMETRAJE","2013"
"2119494","50 TO 1","DEPORTE - DRAMA","LARGOMETRAJE","2014"
"2119496","SONG, THE","DRAMA - ROMANCE","LARGOMETRAJE","2014"
"2119498","FINAL GIRLS, THE","TERROR","LARGOMETRAJE","2015"
"2119697","WINTER'S TALE","DRAMA - ROMANCE","LARGOMETRAJE","2014"
"2119699","VERONICA MARS","DRAMA","LARGOMETRAJE","2014"
"2119812","LOST - Season 1","DRAMA","SERIES","2004"
"2119813","ADULT BEGINNERS","COMEDIA","LARGOMETRAJE","2015"
"2119814","LOST - Season 2","DRAMA","SERIES","2005"
"2119816","ANOMALY","ACCIÓN","LARGOMETRAJE","2014"
"2119818","LOST - Season 4","DRAMA","SERIES","2008"
"2119819","BLACKHAT","POLICIAL","LARGOMETRAJE","2015"
"2119820","BOXTROLLS, THE","ANIMACIÓN - AVENTURAS","LARGOMETRAJE","2014"
"2119821","CUBAN FURY","COMEDIA - ROMANCE","LARGOMETRAJE","2013"
"2119826","GET SANTA","COMEDIA - FAMILIAR","LARGOMETRAJE","2014"
"2119830","LOW DOWN","BIOGRAFÍA - MUSICAL","LARGOMETRAJE","2014"
"2119832","MERRY CHRISTMAS MIRACLE, A","COMEDIA - FAMILIAR","LARGOMETRAJE","2014"
"2119834","NORTHERN SOUL","DRAMA - MÚSICA","LARGOMETRAJE","2014"
"2119837","STEP UP: ALL IN","MUSICAL - ROMANCE","LARGOMETRAJE","2014"
"2119838","YELLOWBIRD","ANIMACIÓN - AVENTURAS","LARGOMETRAJE","2014"
"2119843","DRACULA UNTOLD","ACCIÓN - FANTASÍA - TERROR","LARGOMETRAJE","2014"
"2119844","GET ON UP","BIOGRAFÍA - DRAMA","LARGOMETRAJE","2014"
"2119845","GLADIATORS OF ROME","ANIMACIÓN - AVENTURAS - COMEDIA","LARGOMETRAJE","2012"
"2119847","HUNDRED YEAR OLD MAN WHO JUMPED OUT THE WINDOW...","COMEDIA","LARGOMETRAJE","2013"
"2119848","LAST OF ROBIN HOOD, THE","ROMANCE","LARGOMETRAJE","2013"
"2119851","MILLION WAYS TO DIE IN THE WEST, A","COMEDIA - WESTERN","LARGOMETRAJE","2014"
"2119864","POWDER ROOM, THE","COMEDIA","LARGOMETRAJE","2013"
"2119865","SVENGALI","COMEDIA - MUSICAL","LARGOMETRAJE","2014"
"2119866","BEETHOVEN'S TREASURE TAIL","COMEDIA - FAMILIAR","LARGOMETRAJE","2014"
"2119871","HOW MURRAY SAVED CHRISTMAS","ANIMACIÓN","LARGOMETRAJE","2014"
"2119873","RACING HEARTS","DRAMA - ROMANCE","LARGOMETRAJE","2014"
"2120041","TOM AND JERRY: THE MOVIE","ANIMACIÓN - FAMILIAR - INFANTIL","LARGOMETRAJE","1992"
"2120315","LA CASA DEL FIN DE LOS TIEMPOS","TERROR","LARGOMETRAJE","2013"
"2120324","THE PACK","TERROR","LARGOMETRAJE","2015"
"2120325","HWAYI: A MONSTER BOY","ACCIÓN","LARGOMETRAJE","2013"
"2120326","WILD CITY","ACCIÓN","LARGOMETRAJE","2015"
"2120327","TRIAD WARS","ACCIÓN","LARGOMETRAJE","2008"
"2120545","DEADLINE GALLIPOLI","DRAMA","SERIES","2015"
"2120965","OLD FASHIONED","ROMANCE","LARGOMETRAJE","2014"
"2120966","WHEN MARNIE WAS THERE","ANIMACIÓN","LARGOMETRAJE","2015"
"2120967","LOITERING WITH INTENT (AKA FLIRTING WITH LOVE)","COMEDIA","LARGOMETRAJE","2014"
"2120969","EL CRITICO","COMEDIA - DRAMA - ROMANCE","LARGOMETRAJE","2013"
"2120970","PAPELES EN EL VIENTO","COMEDIA - DRAMA","LARGOMETRAJE","2015"
"2120971","VOLEY","COMEDIA","LARGOMETRAJE","2014"
"2121885","BUGS 3D","TERROR","LARGOMETRAJE","2014"
"2121886","WHAT WE BECAME","TERROR","LARGOMETRAJE","2015"
"2121888","THE EVIL IN US","TERROR","LARGOMETRAJE","2016"
"2121889","SCREAM WEEK","SUSPENSO","LARGOMETRAJE","2016"
"2123115","BROOKLYN NINE-NINE - Season 4","COMEDIA - POLICIAL","SERIES","2016"
"2123368","SHARKNADO 2","TERROR","LARGOMETRAJE","2014"
"2123369","SHARKNADO 3","TERROR","LARGOMETRAJE","2015"
"2123383","MINDY PROJECT, THE - Season 5","COMEDIA","SERIES","2016"
"2124748","EL MUNDO DESDE ABAJO - Season 5","COMEDIA - ENTRETENIMIENTO - ENTREVISTAS","SERIES","2017"
"2124749","EL MUNDO DESDE ABAJO - Season 6","ENTRETENIMIENTO - ENTREVISTAS","SERIES","2017"
"2126057","THOSE WHO CAN'T - Season 2","COMEDIA","SERIES","2016"
"2126648","DETOUR, THE - Season 2","COMEDIA","SERIES","2016"
"2127298","TNT BUZZ - Season 6","ENTRETENIMIENTO","SERIES","2017 - 2018"
"2127388","LOCOS SUELTOS EN EL ZOO","AVENTURAS - COMEDIA","LARGOMETRAJE","2015"
"2128043","ANGIE TRIBECA - Season 3","COMEDIA","SERIES","2017"
"2130760","WRECKED - Season 2","COMEDIA","SERIES","2017"
"2130960","MISTER PICKLES - Season 2","ANIMACIÓN","SERIES","2016"
"2131253","I'M SORRY - Season 1","COMEDIA","SERIES","2017"
"2131257","THOSE WHO CAN'T - Season 3","COMEDIA","SERIES","2017"
"2131863","ARTHUR CHRISTMAS","ANIMACIÓN - AVENTURAS - COMEDIA","LARGOMETRAJE","2011"
"2131865","JACK AND JILL","COMEDIA","LARGOMETRAJE","2011"
"2131867","LITTLE MAN","COMEDIA","LARGOMETRAJE","2006"
"2131875","BEYOND THE MASK","ACCIÓN","LARGOMETRAJE","2015"
"2131879","THE D TRAIN","COMEDIA","LARGOMETRAJE","2015"
"2131881","DOPE","COMEDIA","LARGOMETRAJE","2015"
"2131883","THE END OF THE TOUR","BIOGRAFÍA","LARGOMETRAJE","2015"
"2131889","THE INTERVIEW","ACCIÓN - COMEDIA","LARGOMETRAJE","2014"
"2131892","MR. HOLMES","DRAMA - SUSPENSO","LARGOMETRAJE","2015"
"2131895","PREDESTINATION","CIENCIA FICCIÓN","LARGOMETRAJE","2014"
"2131897","TESTAMENT OF YOUTH","BIOGRAFÍA","LARGOMETRAJE","2014"
"2131901","THE WEDDING RINGER","COMEDIA","LARGOMETRAJE","2015"
"2131902","CENTER STAGE: ON POINTE","MÚSICA","LARGOMETRAJE","2016"
"2131907","AMERICAN HUSTLE","DRAMA","LARGOMETRAJE","2013"
"2131912","SEX TAPE","COMEDIA","LARGOMETRAJE","2014"
"2132153","A WALK IN THE WOODS","AVENTURAS","LARGOMETRAJE","2015"
"2132204","ALEXANDER AND THE TERRIBLE, HORRIBLE, NO GOOD, VERY BAD DAY","COMEDIA - FAMILIAR","LARGOMETRAJE","2014"
"2132207","BIG STONE GAP","COMEDIA","LARGOMETRAJE","2014"
"2132208","BROOKLYN","DRAMA","LARGOMETRAJE","2015"
"2132212","EL ESPEJO DE LOS OTROS","COMEDIA","LARGOMETRAJE","2015"
"2132214","FRANCISCO","BIOGRAFÍA","LARGOMETRAJE","2015"
"2132222","LAS INSOLADAS","COMEDIA","LARGOMETRAJE","2014"
"2132223","LAST FIVE YEARS","MUSICAL","LARGOMETRAJE","2014"
"2132228","MONKEY KINGDOM","DOCUMENTAL","LARGOMETRAJE","2015"
"2132230","ONCE I WAS A BEEHIVE","COMEDIA","LARGOMETRAJE","2015"
"2132232","STRANGE MAGIC","ANIMACIÓN","LARGOMETRAJE","2015"
"2132233","THE COKEVILLE MIRACLE","DRAMA","LARGOMETRAJE","2015"
"2132234","THE FINEST HOURS","ACCIÓN","LARGOMETRAJE","2016"
"2132235","THE GAMES MAKER","AVENTURAS","LARGOMETRAJE","2014"
"2132588","ACCIDENTAL LOVE","COMEDIA - ROMANCE","LARGOMETRAJE","2015"
"2132589","ALBERT","ANIMACIÓN","LARGOMETRAJE","2015"
"2132595","KILL ME THREE TIMES","SUSPENSO","LARGOMETRAJE","2014"
"2132603","SISTERS","COMEDIA","LARGOMETRAJE","2015"
"2132604","SWORD OF VENGEANCE","ACCIÓN","LARGOMETRAJE","2015"
"2132605","THE BOY","DRAMA","LARGOMETRAJE","2015"
"2132607","THE OVERNIGHT","COMEDIA","LARGOMETRAJE","2015"
"2132611","TRAINWRECK","COMEDIA","LARGOMETRAJE","2015"
"2132622","WELCOME TO ME","COMEDIA","LARGOMETRAJE","2015"
"2132627","HAIL, CAESAR!","COMEDIA","LARGOMETRAJE","2016"
"2132635","THE BOSS","COMEDIA","LARGOMETRAJE","2016"
"2132651","JENNIFER LOPEZ: DANCE AGAIN","DOCUMENTAL - MUSICAL","LARGOMETRAJE","2014"
"2133736","ENTOURAGE","COMEDIA","LARGOMETRAJE","2015"
"2133744","JERSEY BOYS","BIOGRAFÍA - DRAMA - MUSICAL","LARGOMETRAJE","2014"
"2133763","TAMMY","COMEDIA","LARGOMETRAJE","2014"
"2133768","THIS IS WHERE I LEAVE YOU","COMEDIA - DRAMA","LARGOMETRAJE","2014"
"2134257","MINDY PROJECT, THE - Season 6","COMEDIA","SERIES","2017"
"2134546","SEARCH PARTY - Season 2","COMEDIA - DRAMA","SERIES","2017"
"2134548","THE LAST O.G. FKA (TRACY MORGAN SHOW) Season 1","COMEDIA","SERIES","2018"
"2134551","DETOUR, THE - Season 3","COMEDIA","SERIES","2018"
"2134554","MIRACLE WORKERS - Season 1","COMEDIA","SERIES","2018"
"2134555","WRECKED - Season 3","AVENTURAS - COMEDIA - TERROR","SERIES","2018"
"2134556","I'M SORRY - Season 2","COMEDIA","SERIES","2018"
"2139696","HOLLYWOOD ONE ON ONE 2018","ENTRETENIMIENTO","SERIES","2018 - 2019"
"2139753","BUZZ - Season 7","ENTRETENIMIENTO","SERIES","2018 - 2019"
"2140308","BORNING 1","ACCIÓN - COMEDIA","LARGOMETRAJE","2014"
"2140309","BORNING 2","ACCIÓN - COMEDIA","LARGOMETRAJE","2016"
"2140507","MR. PICKLES - Season 3","ANIMACIÓN","SERIES","2018"
"2140508","HOT STREETS","ANIMACIÓN","SERIES","2018"
"2141250","ART OF THE STEAL, THE","COMEDIA","LARGOMETRAJE","2013"
"2141480","EL LOBISTA","POLICIAL","SERIES","2018"
"2142437","UN GALLO PARA ESCULAPIO - Season 2","DRAMA","SERIES","2018"
"2144107","BOBCAT GOLDTHWAIT'S MISFITS & MONSTERS - SEASON 1","COMEDIA - FANTASÍA","SERIES","2018"
"2144793","ANTHROPOID","BIOGRAFÍA","LARGOMETRAJE","2016"
"2144794","BACKSTABBED","SUSPENSO","LARGOMETRAJE","2016"
"2144796","BETTING ON THE BRIDE","ROMANCE","LARGOMETRAJE","2017"
"2144797","BIGGER SPLASH, A","SUSPENSO","LARGOMETRAJE","2016"
"2144799","CHURCHILL","BIOGRAFÍA - BÉLICA - DRAMA","LARGOMETRAJE","2017"
"2144801","DISNEY ADV IN BABYSITTING (AKA FURTHER ADV IN BABYSITTING)","AVENTURAS - COMEDIA","LARGOMETRAJE","2016"
"2144802","DOUGH","COMEDIA","LARGOMETRAJE","2016"
"2144803","EAT, PLAY, LOVE","COMEDIA - ROMANCE","LARGOMETRAJE","2017"
"2144804","EVERY CHRISTMAS HAS A STORY","COMEDIA","LARGOMETRAJE","2016"
"2144805","FINAL VISION","DRAMA","LARGOMETRAJE","2017"
"2144808","GOOD NEIGHBOR, THE(AKA THE WAITING)","DRAMA - POLICIAL - TERROR","LARGOMETRAJE","2016"
"2144810","HIGH STRUNG","DRAMA - MUSICAL - ROMANCE","LARGOMETRAJE","2016"
"2144811","I'M NOT ASHAMED","BIOGRAFÍA - DRAMA","LARGOMETRAJE","2016"
"2144814","LADY MACBETH ","DRAMA","LARGOMETRAJE","2017"
"2144815","LBJ","BIOGRAFÍA","LARGOMETRAJE","2017"
"2144817","LOST IN HONG KONG","ACCIÓN - AVENTURAS - COMEDIA","LARGOMETRAJE","2015"
"2144819","M.S. DHONI: THE UNTOLD STORY","BIOGRAFÍA - DRAMA","LARGOMETRAJE","2016"
"2144820","MAN SOM HETER OVE, EN (AKA: A MAN CALLED OVE)","DRAMA","LARGOMETRAJE","2016"
"2144821","MARVEL SUPER HERO ADVENTURES: FROST FIGHT!","ANIMACIÓN - AVENTURAS","LARGOMETRAJE","2015"
"2144824","MECANICA POPULAR","DRAMA","LARGOMETRAJE","2016"
"2144825","MIDNIGHT MAN, THE","TERROR","LARGOMETRAJE","2016"
"2144826","MOMMY'S SECRET","DRAMA - SUSPENSO","LARGOMETRAJE","2016"
"2144828","MR. RIGHT","ACCIÓN - COMEDIA","LARGOMETRAJE","2016"
"2144830","PRICELESS","DRAMA - ROMANCE","LARGOMETRAJE","2016"
"2144832","SLEEP WALKING IN SUBURBIA","DRAMA","LARGOMETRAJE","2017"
"2144833","SNOWDEN","BIOGRAFÍA - DRAMA","LARGOMETRAJE","2016"
"2144834","STALKED BY MY DOCTOR: THE RETURN","DRAMA - POLICIAL - SUSPENSO","LARGOMETRAJE","2016"
"2144837","THE DINNER","DRAMA - SUSPENSO","LARGOMETRAJE","2017"
"2144839","THE STRAY","DRAMA","LARGOMETRAJE","2017"
"2144840","THE TRIP TO SPAIN","COMEDIA","LARGOMETRAJE","2017"
"2145098","HERE COMES THE BOOM","COMEDIA","LARGOMETRAJE","2012"
"2145118","I SAW THE LIGHT","BIOGRAFÍA","LARGOMETRAJE","2016"
"2145119","INDIGNATION","DRAMA","LARGOMETRAJE","2016"
"2145121","LADY IN THE VAN, THE","COMEDIA","LARGOMETRAJE","2016"
"2145124","MILES AHEAD","DRAMA","LARGOMETRAJE","2016"
"2145143","MARINE 5, THE: BATTLEGROUND","ACCIÓN - POLICIAL - SUSPENSO","LARGOMETRAJE","2017"
"2145144","SNIPER: ULTIMATE KILL","ACCIÓN - DRAMA - SUSPENSO","LARGOMETRAJE","2017"
"2145145","APPLE OF MY EYE","FAMILIAR","LARGOMETRAJE","2017"
"2145146","BABY, BABY, BABY","COMEDIA - DRAMA - ROMANCE","LARGOMETRAJE","2017"
"2145149","SLAMMA JAMMA","DRAMA","LARGOMETRAJE","2017"
"2145150","90 MINUTES IN HEAVEN","DRAMA","LARGOMETRAJE","2015"
"2145151","EAGLE HUNTRESS, THE","AVENTURAS - DEPORTE - DOCUMENTAL","LARGOMETRAJE","2016"
"2145152","FAMILY FANG, THE","COMEDIA - DRAMA","LARGOMETRAJE","2016"
"2145155","KINGSGLAIVE: FINAL FANTASY XV","ACCIÓN - ANIMACIÓN - AVENTURAS - CIENCIA FICCIÓN - DRAMA","LARGOMETRAJE","2016"
"2145156","LETTERS FROM MOTHER TERESA","DRAMA","LARGOMETRAJE","2015"
"2145159","O ALVO","DRAMA - SUSPENSO","LARGOMETRAJE","2015"
"2145162","WHERE HOPE GROWS","DRAMA - FAMILIAR","LARGOMETRAJE","2015"
"2145163","WOODLAWN","DEPORTE - DRAMA","LARGOMETRAJE","2015"
"2147098","UN PEQUEÑO GRAN VIAJE","ENTRETENIMIENTO","INSERTS / FILLERS SIN CONTRATO","2018"
"2151094","UN PEQUEÑO GRAN VIAJE: ESPECIAL LOS ÁNGELES","ENTRETENIMIENTO","INSERTS / FILLERS SIN CONTRATO","2019"
"2151898","HOLLYWOOD ONE ON ONE 2019 - 15 min","ENTRETENIMIENTO","SERIES","2019"
"2152339","HOT STREETS - Season 2","ANIMACIÓN","SERIES","2019"
"2156945","UN PEQUEÑO GRAN VIAJE 2","ENTRETENIMIENTO","INSERTS / FILLERS SIN CONTRATO","2019"
"2157629","BAD SANTA 2","COMEDIA - DRAMA","LARGOMETRAJE","2016"
"2157630","BEATRIZ AT DINNER","COMEDIA - DRAMA","LARGOMETRAJE","2017"
"2157638","EXCEPTION, THE","BÉLICA - DRAMA - ROMANCE","LARGOMETRAJE","2017"
"2157643","LAST WORD, THE","DRAMA","LARGOMETRAJE","2017"
"2157649","PETE'S DRAGON","ACCIÓN - AVENTURAS","LARGOMETRAJE","2017"
"2157652","QUEEN OF THE DESERT","DRAMA","LARGOMETRAJE","2017"
"2157654","RESURRECTION OF GAVIN STONE, THE","COMEDIA - DRAMA - FAMILIAR - ROMANCE","LARGOMETRAJE","2017"
"2157658","THE BIG SICK","COMEDIA - DRAMA - ROMANCE","LARGOMETRAJE","2017"
"2158139","20TH CENTURY WOMEN","COMEDIA - DRAMA","LARGOMETRAJE","2016"
"2158144","CRASH PAD","COMEDIA","LARGOMETRAJE","2017"
"2158150","ELLE","DRAMA","LARGOMETRAJE","2016"
"2158151","FORTUNE COOKIE","TERROR","LARGOMETRAJE","2016"
"2158166","TONI ERDMANN","COMEDIA - DRAMA","LARGOMETRAJE","2016"
"2158168","WE DON'T BELONG HERE","DRAMA","LARGOMETRAJE","2017"
